studyYear,programDbId,programName,programDescription,studyDbId,studyName,studyDescription,studyDesign,plotWidth,plotLength,fieldSize,fieldTrialIsPlannedToBeGenotyped,fieldTrialIsPlannedToCross,plantingDate,harvestDate,locationDbId,locationName,germplasmDbId,germplasmName,germplasmSynonyms,observationLevel,observationUnitDbId,observationUnitName,replicate,blockNumber,plotNumber,rowNumber,colNumber,entryType,plantNumber,FHB.incidence.....,FHB.severity.....,Grain.test.weight...lbs.bu,Grain.yield...bu.ac,Heading.time...Julian.date..JD..,Plant.height.inches
2021,326,University of Illinois,Wheat breeding program at the University of Illinois,1273,CC_Urb_21,"Combined Cooperative Trial at Urbana, IL [2021]",p-rep,,,,,,2020-September-30,,26,"Urbana, IL",240787,OH16-168-48,,plot,283391,CC_Urb_21-101,1,1,101,1,1,test,,,,,,133,32.00001728
2021,326,University of Illinois,Wheat breeding program at the University of Illinois,1273,CC_Urb_21,"Combined Cooperative Trial at Urbana, IL [2021]",p-rep,,,,,,2020-September-30,,26,"Urbana, IL",282818,MI18R0236,,plot,283440,CC_Urb_21-102,1,1,102,2,1,test,,,,,,133,34.00001836
2021,326,University of Illinois,Wheat breeding program at the University of Illinois,1273,CC_Urb_21,"Combined Cooperative Trial at Urbana, IL [2021]",p-rep,,,,,,2020-September-30,,26,"Urbana, IL",96756,IL16-23972,IL16-23972,plot,283419,CC_Urb_21-103,1,1,103,3,1,test,,,,,,133,36.00001944
2021,326,University of Illinois,Wheat breeding program at the University of Illinois,1273,CC_Urb_21,"Combined Cooperative Trial at Urbana, IL [2021]",p-rep,,,,,,2020-September-30,,26,"Urbana, IL",280823,KWS361,,plot,283458,CC_Urb_21-104,1,1,104,4,1,test,,,,,,137,38.00002052
2021,326,University of Illinois,Wheat breeding program at the University of Illinois,1273,CC_Urb_21,"Combined Cooperative Trial at Urbana, IL [2021]",p-rep,,,,,,2020-September-30,,26,"Urbana, IL",281193,TWR 09014,,plot,283625,CC_Urb_21-105,1,1,105,5,1,test,,,,,,137,36.00001944
2021,326,University of Illinois,Wheat breeding program at the University of Illinois,1273,CC_Urb_21,"Combined Cooperative Trial at Urbana, IL [2021]",p-rep,,,,,,2020-September-30,,26,"Urbana, IL",96756,IL16-23972,IL16-23972,plot,283494,CC_Urb_21-106,1,1,106,6,1,test,,,,,,134,36.00001944
2021,326,University of Illinois,Wheat breeding program at the University of Illinois,1273,CC_Urb_21,"Combined Cooperative Trial at Urbana, IL [2021]",p-rep,,,,,,2020-September-30,,26,"Urbana, IL",283366,P2137,,plot,283409,CC_Urb_21-107,1,1,107,7,1,test,,,,,,138,46.00002484
2021,326,University of Illinois,Wheat breeding program at the University of Illinois,1273,CC_Urb_21,"Combined Cooperative Trial at Urbana, IL [2021]",p-rep,,,,,,2020-September-30,,26,"Urbana, IL",283352,P2123,,plot,283505,CC_Urb_21-108,1,1,108,8,1,test,,,,,,134,36.00001944
2021,326,University of Illinois,Wheat breeding program at the University of Illinois,1273,CC_Urb_21,"Combined Cooperative Trial at Urbana, IL [2021]",p-rep,,,,,,2020-September-30,,26,"Urbana, IL",282729,X12-3014-46-8-5,,plot,283420,CC_Urb_21-109,1,1,109,9,1,test,,,,,,137,36.00001944
2021,326,University of Illinois,Wheat breeding program at the University of Illinois,1273,CC_Urb_21,"Combined Cooperative Trial at Urbana, IL [2021]",p-rep,,,,,,2020-September-30,,26,"Urbana, IL",84968,IL07-19334,IL07-19334,plot,283561,CC_Urb_21-110,1,1,110,10,1,test,,,,,,137,38.00002052
2021,326,University of Illinois,Wheat breeding program at the University of Illinois,1273,CC_Urb_21,"Combined Cooperative Trial at Urbana, IL [2021]",p-rep,,,,,,2020-September-30,,26,"Urbana, IL",280854,OH17-124-70,,plot,283640,CC_Urb_21-111,1,1,111,10,2,test,,,,,,136,38.00002052
2021,326,University of Illinois,Wheat breeding program at the University of Illinois,1273,CC_Urb_21,"Combined Cooperative Trial at Urbana, IL [2021]",p-rep,,,,,,2020-September-30,,26,"Urbana, IL",280855,OH17-171-57,,plot,283566,CC_Urb_21-112,1,1,112,9,2,test,,,,,,134,42.00002268
2021,326,University of Illinois,Wheat breeding program at the University of Illinois,1273,CC_Urb_21,"Combined Cooperative Trial at Urbana, IL [2021]",p-rep,,,,,,2020-September-30,,26,"Urbana, IL",282724,MI18W1044,,plot,283429,CC_Urb_21-113,1,1,113,8,2,test,,,,,,137,34.00001836
2021,326,University of Illinois,Wheat breeding program at the University of Illinois,1273,CC_Urb_21,"Combined Cooperative Trial at Urbana, IL [2021]",p-rep,,,,,,2020-September-30,,26,"Urbana, IL",96752,IL16-23941,IL16-23941,plot,283547,CC_Urb_21-114,1,1,114,7,2,test,,,,,,130,36.00001944
2021,326,University of Illinois,Wheat breeding program at the University of Illinois,1273,CC_Urb_21,"Combined Cooperative Trial at Urbana, IL [2021]",p-rep,,,,,,2020-September-30,,26,"Urbana, IL",281857,20PU-0007,,plot,283624,CC_Urb_21-115,1,1,115,6,2,test,,,,,,137,38.00002052
2021,326,University of Illinois,Wheat breeding program at the University of Illinois,1273,CC_Urb_21,"Combined Cooperative Trial at Urbana, IL [2021]",p-rep,,,,,,2020-September-30,,26,"Urbana, IL",84723,MO080104,,plot,283383,CC_Urb_21-116,1,1,116,5,2,test,,,,,,136,36.00001944
2021,326,University of Illinois,Wheat breeding program at the University of Illinois,1273,CC_Urb_21,"Combined Cooperative Trial at Urbana, IL [2021]",p-rep,,,,,,2020-September-30,,26,"Urbana, IL",283346,P2116,,plot,283434,CC_Urb_21-117,1,1,117,4,2,test,,,,,,138,32.00001728
2021,326,University of Illinois,Wheat breeding program at the University of Illinois,1273,CC_Urb_21,"Combined Cooperative Trial at Urbana, IL [2021]",p-rep,,,,,,2020-September-30,,26,"Urbana, IL",280867,X12-3114-65-7-1,,plot,283555,CC_Urb_21-118,1,1,118,3,2,test,,,,,,136,36.00001944
2021,326,University of Illinois,Wheat breeding program at the University of Illinois,1273,CC_Urb_21,"Combined Cooperative Trial at Urbana, IL [2021]",p-rep,,,,,,2020-September-30,,26,"Urbana, IL",100989,US16-IL-061-132,,plot,283514,CC_Urb_21-119,1,1,119,2,2,test,,,,,,130,32.00001728
2021,326,University of Illinois,Wheat breeding program at the University of Illinois,1273,CC_Urb_21,"Combined Cooperative Trial at Urbana, IL [2021]",p-rep,,,,,,2020-September-30,,26,"Urbana, IL",280853,OH16-184-77,,plot,283549,CC_Urb_21-120,1,1,120,1,2,test,,,,,,137,30.0000162
2021,326,University of Illinois,Wheat breeding program at the University of Illinois,1273,CC_Urb_21,"Combined Cooperative Trial at Urbana, IL [2021]",p-rep,,,,,,2020-September-30,,26,"Urbana, IL",281183,AR11051-15-3,,plot,283600,CC_Urb_21-121,1,1,121,1,3,test,,,,,,137,38.00002052
2021,326,University of Illinois,Wheat breeding program at the University of Illinois,1273,CC_Urb_21,"Combined Cooperative Trial at Urbana, IL [2021]",p-rep,,,,,,2020-September-30,,26,"Urbana, IL",281190,MI18R1605,,plot,283533,CC_Urb_21-122,1,1,122,2,3,test,,,,,,134,32.00001728
2021,326,University of Illinois,Wheat breeding program at the University of Illinois,1273,CC_Urb_21,"Combined Cooperative Trial at Urbana, IL [2021]",p-rep,,,,,,2020-September-30,,26,"Urbana, IL",283359,P2130,,plot,283563,CC_Urb_21-123,1,1,123,3,3,test,,,,,,136,34.00001836
2021,326,University of Illinois,Wheat breeding program at the University of Illinois,1273,CC_Urb_21,"Combined Cooperative Trial at Urbana, IL [2021]",p-rep,,,,,,2020-September-30,,26,"Urbana, IL",282725,P2105,,plot,283518,CC_Urb_21-124,1,1,124,4,3,test,,,,,,140,36.00001944
2021,326,University of Illinois,Wheat breeding program at the University of Illinois,1273,CC_Urb_21,"Combined Cooperative Trial at Urbana, IL [2021]",p-rep,,,,,,2020-September-30,,26,"Urbana, IL",280858,OH17-93-33,,plot,283540,CC_Urb_21-125,1,1,125,5,3,test,,,,,,137,36.00001944
2021,326,University of Illinois,Wheat breeding program at the University of Illinois,1273,CC_Urb_21,"Combined Cooperative Trial at Urbana, IL [2021]",p-rep,,,,,,2020-September-30,,26,"Urbana, IL",85178,Hilliard,,plot,283388,CC_Urb_21-126,1,1,126,6,3,test,,,,,,136,34.00001836
2021,326,University of Illinois,Wheat breeding program at the University of Illinois,1273,CC_Urb_21,"Combined Cooperative Trial at Urbana, IL [2021]",p-rep,,,,,,2020-September-30,,26,"Urbana, IL",281181,20-UMD-18,,plot,283517,CC_Urb_21-127,1,1,127,7,3,test,,,,,,137,32.00001728
2021,326,University of Illinois,Wheat breeding program at the University of Illinois,1273,CC_Urb_21,"Combined Cooperative Trial at Urbana, IL [2021]",p-rep,,,,,,2020-September-30,,26,"Urbana, IL",98931,KY07C-1145-94-12-5,,plot,283519,CC_Urb_21-128,1,1,128,8,3,test,,,,,,135,36.00001944
2021,326,University of Illinois,Wheat breeding program at the University of Illinois,1273,CC_Urb_21,"Combined Cooperative Trial at Urbana, IL [2021]",p-rep,,,,,,2020-September-30,,26,"Urbana, IL",281182,20-UMD-20,,plot,283536,CC_Urb_21-129,1,1,129,9,3,test,,,,,,137,32.00001728
2021,326,University of Illinois,Wheat breeding program at the University of Illinois,1273,CC_Urb_21,"Combined Cooperative Trial at Urbana, IL [2021]",p-rep,,,,,,2020-September-30,,26,"Urbana, IL",283362,P2133,,plot,283525,CC_Urb_21-130,1,1,130,10,3,test,,,,,,139,36.00001944
2021,326,University of Illinois,Wheat breeding program at the University of Illinois,1273,CC_Urb_21,"Combined Cooperative Trial at Urbana, IL [2021]",p-rep,,,,,,2020-September-30,,26,"Urbana, IL",282815,20PU-0053,,plot,283462,CC_Urb_21-131,1,1,131,10,4,test,,,,,,139,36.00001944
2021,326,University of Illinois,Wheat breeding program at the University of Illinois,1273,CC_Urb_21,"Combined Cooperative Trial at Urbana, IL [2021]",p-rep,,,,,,2020-September-30,,26,"Urbana, IL",280814,DH15SRW65-53,,plot,283443,CC_Urb_21-132,1,1,132,9,4,test,,,,,,136,32.00001728
2021,326,University of Illinois,Wheat breeding program at the University of Illinois,1273,CC_Urb_21,"Combined Cooperative Trial at Urbana, IL [2021]",p-rep,,,,,,2020-September-30,,26,"Urbana, IL",280818,KWS341,,plot,283656,CC_Urb_21-133,1,1,133,8,4,test,,,,,,137,34.00001836
2021,326,University of Illinois,Wheat breeding program at the University of Illinois,1273,CC_Urb_21,"Combined Cooperative Trial at Urbana, IL [2021]",p-rep,,,,,,2020-September-30,,26,"Urbana, IL",282819,MI18R1322,,plot,283534,CC_Urb_21-134,1,1,134,7,4,test,,,,,,134,32.00001728
2021,326,University of Illinois,Wheat breeding program at the University of Illinois,1273,CC_Urb_21,"Combined Cooperative Trial at Urbana, IL [2021]",p-rep,,,,,,2020-September-30,,26,"Urbana, IL",281186,ARS16W0574,,plot,283601,CC_Urb_21-135,1,1,135,6,4,test,,,,,,134,36.00001944
2021,326,University of Illinois,Wheat breeding program at the University of Illinois,1273,CC_Urb_21,"Combined Cooperative Trial at Urbana, IL [2021]",p-rep,,,,,,2020-September-30,,26,"Urbana, IL",283351,P2122,,plot,283375,CC_Urb_21-136,1,1,136,5,4,test,,,,,,130,32.00001728
2021,326,University of Illinois,Wheat breeding program at the University of Illinois,1273,CC_Urb_21,"Combined Cooperative Trial at Urbana, IL [2021]",p-rep,,,,,,2020-September-30,,26,"Urbana, IL",96920,IL16-36752,,plot,283616,CC_Urb_21-137,1,1,137,4,4,test,,,,,,134,36.00001944
2021,326,University of Illinois,Wheat breeding program at the University of Illinois,1273,CC_Urb_21,"Combined Cooperative Trial at Urbana, IL [2021]",p-rep,,,,,,2020-September-30,,26,"Urbana, IL",282723,MI18W0286,,plot,283586,CC_Urb_21-138,1,1,138,3,4,test,,,,,,135,34.00001836
2021,326,University of Illinois,Wheat breeding program at the University of Illinois,1273,CC_Urb_21,"Combined Cooperative Trial at Urbana, IL [2021]",p-rep,,,,,,2020-September-30,,26,"Urbana, IL",282824,X12-3048-52-17-5,,plot,283414,CC_Urb_21-139,1,1,139,2,4,test,,,,,,136,34.00001836
2021,326,University of Illinois,Wheat breeding program at the University of Illinois,1273,CC_Urb_21,"Combined Cooperative Trial at Urbana, IL [2021]",p-rep,,,,,,2020-September-30,,26,"Urbana, IL",281185,ARDH14002-22-0260N,,plot,283608,CC_Urb_21-140,1,1,140,1,4,test,,,,,,136,40.0000216
2021,326,University of Illinois,Wheat breeding program at the University of Illinois,1273,CC_Urb_21,"Combined Cooperative Trial at Urbana, IL [2021]",p-rep,,,,,,2020-September-30,,26,"Urbana, IL",280817,KWS340,,plot,283573,CC_Urb_21-141,1,1,141,1,5,test,,,,,,137,36.00001944
2021,326,University of Illinois,Wheat breeding program at the University of Illinois,1273,CC_Urb_21,"Combined Cooperative Trial at Urbana, IL [2021]",p-rep,,,,,,2020-September-30,,26,"Urbana, IL",84968,IL07-19334,IL07-19334,plot,283550,CC_Urb_21-142,1,1,142,2,5,test,,,,,,137,34.00001836
2021,326,University of Illinois,Wheat breeding program at the University of Illinois,1273,CC_Urb_21,"Combined Cooperative Trial at Urbana, IL [2021]",p-rep,,,,,,2020-September-30,,26,"Urbana, IL",280803,05251A1-1-136-9-9,,plot,283620,CC_Urb_21-143,1,1,143,3,5,test,,,,,,139,36.00001944
2021,326,University of Illinois,Wheat breeding program at the University of Illinois,1273,CC_Urb_21,"Combined Cooperative Trial at Urbana, IL [2021]",p-rep,,,,,,2020-September-30,,26,"Urbana, IL",281191,NS16VW516463,,plot,283490,CC_Urb_21-144,1,1,144,4,5,test,,,,,,136,34.00001836
2021,326,University of Illinois,Wheat breeding program at the University of Illinois,1273,CC_Urb_21,"Combined Cooperative Trial at Urbana, IL [2021]",p-rep,,,,,,2020-September-30,,26,"Urbana, IL",283357,P2128,,plot,283513,CC_Urb_21-145,1,1,145,5,5,test,,,,,,137,34.00001836
2021,326,University of Illinois,Wheat breeding program at the University of Illinois,1273,CC_Urb_21,"Combined Cooperative Trial at Urbana, IL [2021]",p-rep,,,,,,2020-September-30,,26,"Urbana, IL",281187,LES19-0387,,plot,283512,CC_Urb_21-146,1,1,146,6,5,test,,,,,,139,36.00001944
2021,326,University of Illinois,Wheat breeding program at the University of Illinois,1273,CC_Urb_21,"Combined Cooperative Trial at Urbana, IL [2021]",p-rep,,,,,,2020-September-30,,26,"Urbana, IL",84789,Kaskaskia,,plot,283406,CC_Urb_21-147,1,1,147,7,5,check,,,,,,137,40.0000216
2021,326,University of Illinois,Wheat breeding program at the University of Illinois,1273,CC_Urb_21,"Combined Cooperative Trial at Urbana, IL [2021]",p-rep,,,,,,2020-September-30,,26,"Urbana, IL",283365,P2136,,plot,283491,CC_Urb_21-148,1,1,148,8,5,test,,,,,,139,36.00001944
2021,326,University of Illinois,Wheat breeding program at the University of Illinois,1273,CC_Urb_21,"Combined Cooperative Trial at Urbana, IL [2021]",p-rep,,,,,,2020-September-30,,26,"Urbana, IL",97095,IL17-17739,,plot,283667,CC_Urb_21-149,1,1,149,9,5,test,,,,,,137,42.00002268
2021,326,University of Illinois,Wheat breeding program at the University of Illinois,1273,CC_Urb_21,"Combined Cooperative Trial at Urbana, IL [2021]",p-rep,,,,,,2020-September-30,,26,"Urbana, IL",282721,MI18W0144,,plot,283468,CC_Urb_21-150,1,1,150,10,5,test,,,,,,136,38.00002052
2021,326,University of Illinois,Wheat breeding program at the University of Illinois,1273,CC_Urb_21,"Combined Cooperative Trial at Urbana, IL [2021]",p-rep,,,,,,2020-September-30,,26,"Urbana, IL",281184,ARDH13216-12,,plot,283670,CC_Urb_21-201,1,2,201,10,6,test,,,,,,134,36.00001944
2021,326,University of Illinois,Wheat breeding program at the University of Illinois,1273,CC_Urb_21,"Combined Cooperative Trial at Urbana, IL [2021]",p-rep,,,,,,2020-September-30,,26,"Urbana, IL",281188,LES19-7191,,plot,283385,CC_Urb_21-202,1,2,202,9,6,test,,,,,,137,34.00001836
2021,326,University of Illinois,Wheat breeding program at the University of Illinois,1273,CC_Urb_21,"Combined Cooperative Trial at Urbana, IL [2021]",p-rep,,,,,,2020-September-30,,26,"Urbana, IL",282726,P2106,,plot,283470,CC_Urb_21-203,1,2,203,8,6,test,,,,,,139,36.00001944
2021,326,University of Illinois,Wheat breeding program at the University of Illinois,1273,CC_Urb_21,"Combined Cooperative Trial at Urbana, IL [2021]",p-rep,,,,,,2020-September-30,,26,"Urbana, IL",282821,MI18R1687,,plot,283460,CC_Urb_21-204,1,2,204,7,6,test,,,,,,137,32.00001728
2021,326,University of Illinois,Wheat breeding program at the University of Illinois,1273,CC_Urb_21,"Combined Cooperative Trial at Urbana, IL [2021]",p-rep,,,,,,2020-September-30,,26,"Urbana, IL",283370,P2141,,plot,283592,CC_Urb_21-205,1,2,205,6,6,test,,,,,,138,40.0000216
2021,326,University of Illinois,Wheat breeding program at the University of Illinois,1273,CC_Urb_21,"Combined Cooperative Trial at Urbana, IL [2021]",p-rep,,,,,,2020-September-30,,26,"Urbana, IL",96907,IL16-36206,IL16-36206,plot,283669,CC_Urb_21-206,1,2,206,5,6,test,,,,,,132,36.00001944
2021,326,University of Illinois,Wheat breeding program at the University of Illinois,1273,CC_Urb_21,"Combined Cooperative Trial at Urbana, IL [2021]",p-rep,,,,,,2020-September-30,,26,"Urbana, IL",98931,KY07C-1145-94-12-5,,plot,283500,CC_Urb_21-207,1,2,207,4,6,test,,,,,,136,38.00002052
2021,326,University of Illinois,Wheat breeding program at the University of Illinois,1273,CC_Urb_21,"Combined Cooperative Trial at Urbana, IL [2021]",p-rep,,,,,,2020-September-30,,26,"Urbana, IL",281180,20-UMD-133,,plot,283410,CC_Urb_21-208,1,2,208,3,6,test,,,,,,137,34.00001836
2021,326,University of Illinois,Wheat breeding program at the University of Illinois,1273,CC_Urb_21,"Combined Cooperative Trial at Urbana, IL [2021]",p-rep,,,,,,2020-September-30,,26,"Urbana, IL",99368,MI16R0898,,plot,283558,CC_Urb_21-209,1,2,209,2,6,test,,,,,,137,34.00001836
2021,326,University of Illinois,Wheat breeding program at the University of Illinois,1273,CC_Urb_21,"Combined Cooperative Trial at Urbana, IL [2021]",p-rep,,,,,,2020-September-30,,26,"Urbana, IL",280853,OH16-184-77,,plot,283486,CC_Urb_21-210,1,2,210,1,6,test,,,,,,137,30.0000162
2021,326,University of Illinois,Wheat breeding program at the University of Illinois,1273,CC_Urb_21,"Combined Cooperative Trial at Urbana, IL [2021]",p-rep,,,,,,2020-September-30,,26,"Urbana, IL",281193,TWR 09014,,plot,283428,CC_Urb_21-211,1,2,211,1,7,test,,,,,,136,34.00001836
2021,326,University of Illinois,Wheat breeding program at the University of Illinois,1273,CC_Urb_21,"Combined Cooperative Trial at Urbana, IL [2021]",p-rep,,,,,,2020-September-30,,26,"Urbana, IL",240887,X11-0357-24-13-5,,plot,283628,CC_Urb_21-212,1,2,212,2,7,test,,,,,,139,32.00001728
2021,326,University of Illinois,Wheat breeding program at the University of Illinois,1273,CC_Urb_21,"Combined Cooperative Trial at Urbana, IL [2021]",p-rep,,,,,,2020-September-30,,26,"Urbana, IL",280817,KWS340,,plot,283657,CC_Urb_21-213,1,2,213,3,7,test,,,,,,136,36.00001944
2021,326,University of Illinois,Wheat breeding program at the University of Illinois,1273,CC_Urb_21,"Combined Cooperative Trial at Urbana, IL [2021]",p-rep,,,,,,2020-September-30,,26,"Urbana, IL",98931,KY07C-1145-94-12-5,,plot,283455,CC_Urb_21-214,1,2,214,4,7,test,,,,,,135,36.00001944
2021,326,University of Illinois,Wheat breeding program at the University of Illinois,1273,CC_Urb_21,"Combined Cooperative Trial at Urbana, IL [2021]",p-rep,,,,,,2020-September-30,,26,"Urbana, IL",283369,P2140,,plot,283651,CC_Urb_21-215,1,2,215,5,7,test,,,,,,138,34.00001836
2021,326,University of Illinois,Wheat breeding program at the University of Illinois,1273,CC_Urb_21,"Combined Cooperative Trial at Urbana, IL [2021]",p-rep,,,,,,2020-September-30,,26,"Urbana, IL",100220,OH15-131-31,,plot,283437,CC_Urb_21-216,1,2,216,6,7,test,,,,,,137,34.00001836
2021,326,University of Illinois,Wheat breeding program at the University of Illinois,1273,CC_Urb_21,"Combined Cooperative Trial at Urbana, IL [2021]",p-rep,,,,,,2020-September-30,,26,"Urbana, IL",84655,IL15-4957,IL15-4957,plot,283655,CC_Urb_21-217,1,2,217,7,7,test,,,,,,133,36.00001944
2021,326,University of Illinois,Wheat breeding program at the University of Illinois,1273,CC_Urb_21,"Combined Cooperative Trial at Urbana, IL [2021]",p-rep,,,,,,2020-September-30,,26,"Urbana, IL",283358,P2129,,plot,283585,CC_Urb_21-218,1,2,218,8,7,test,,,,,,137,30.0000162
2021,326,University of Illinois,Wheat breeding program at the University of Illinois,1273,CC_Urb_21,"Combined Cooperative Trial at Urbana, IL [2021]",p-rep,,,,,,2020-September-30,,26,"Urbana, IL",281192,TWR 09009,,plot,283379,CC_Urb_21-219,1,2,219,9,7,test,,,,,,136,36.00001944
2021,326,University of Illinois,Wheat breeding program at the University of Illinois,1273,CC_Urb_21,"Combined Cooperative Trial at Urbana, IL [2021]",p-rep,,,,,,2020-September-30,,26,"Urbana, IL",283363,P2134,,plot,283459,CC_Urb_21-220,1,2,220,10,7,test,,,,,,137,40.0000216
2021,326,University of Illinois,Wheat breeding program at the University of Illinois,1273,CC_Urb_21,"Combined Cooperative Trial at Urbana, IL [2021]",p-rep,,,,,,2020-September-30,,26,"Urbana, IL",282825,X12-974-18-13-3,,plot,283485,CC_Urb_21-221,1,2,221,10,8,test,,,,,,137,32.00001728
2021,326,University of Illinois,Wheat breeding program at the University of Illinois,1273,CC_Urb_21,"Combined Cooperative Trial at Urbana, IL [2021]",p-rep,,,,,,2020-September-30,,26,"Urbana, IL",283371,P2142,,plot,283373,CC_Urb_21-222,1,2,222,9,8,test,,,,,,134,34.00001836
2021,326,University of Illinois,Wheat breeding program at the University of Illinois,1273,CC_Urb_21,"Combined Cooperative Trial at Urbana, IL [2021]",p-rep,,,,,,2020-September-30,,26,"Urbana, IL",280864,X12-3024-47-4-1,,plot,283559,CC_Urb_21-223,1,2,223,8,8,test,,,,,,137,34.00001836
2021,326,University of Illinois,Wheat breeding program at the University of Illinois,1273,CC_Urb_21,"Combined Cooperative Trial at Urbana, IL [2021]",p-rep,,,,,,2020-September-30,,26,"Urbana, IL",85074,Pio 25R46,Pioneer Brand 25R46,plot,283498,CC_Urb_21-224,1,2,224,7,8,test,,,,,,137,34.00001836
2021,326,University of Illinois,Wheat breeding program at the University of Illinois,1273,CC_Urb_21,"Combined Cooperative Trial at Urbana, IL [2021]",p-rep,,,,,,2020-September-30,,26,"Urbana, IL",282729,X12-3014-46-8-5,,plot,283403,CC_Urb_21-225,1,2,225,6,8,test,,,,,,137,36.00001944
2021,326,University of Illinois,Wheat breeding program at the University of Illinois,1273,CC_Urb_21,"Combined Cooperative Trial at Urbana, IL [2021]",p-rep,,,,,,2020-September-30,,26,"Urbana, IL",281189,MI18R0875,,plot,283374,CC_Urb_21-226,1,2,226,5,8,test,,,,,,133,36.00001944
2021,326,University of Illinois,Wheat breeding program at the University of Illinois,1273,CC_Urb_21,"Combined Cooperative Trial at Urbana, IL [2021]",p-rep,,,,,,2020-September-30,,26,"Urbana, IL",100842,US16-IL-061-029,,plot,283581,CC_Urb_21-227,1,2,227,4,8,test,,,,,,133,38.00002052
2021,326,University of Illinois,Wheat breeding program at the University of Illinois,1273,CC_Urb_21,"Combined Cooperative Trial at Urbana, IL [2021]",p-rep,,,,,,2020-September-30,,26,"Urbana, IL",85178,Hilliard,,plot,283643,CC_Urb_21-228,1,2,228,3,8,test,,,,,,136,40.0000216
2021,326,University of Illinois,Wheat breeding program at the University of Illinois,1273,CC_Urb_21,"Combined Cooperative Trial at Urbana, IL [2021]",p-rep,,,,,,2020-September-30,,26,"Urbana, IL",283350,P2121,,plot,283523,CC_Urb_21-229,1,2,229,2,8,test,,,,,,137,32.00001728
2021,326,University of Illinois,Wheat breeding program at the University of Illinois,1273,CC_Urb_21,"Combined Cooperative Trial at Urbana, IL [2021]",p-rep,,,,,,2020-September-30,,26,"Urbana, IL",240786,OH16-167-76,,plot,283426,CC_Urb_21-230,1,2,230,1,8,test,,,,,,132,30.0000162
2021,326,University of Illinois,Wheat breeding program at the University of Illinois,1273,CC_Urb_21,"Combined Cooperative Trial at Urbana, IL [2021]",p-rep,,,,,,2020-September-30,,26,"Urbana, IL",280818,KWS341,,plot,283452,CC_Urb_21-231,1,2,231,1,9,test,,,,,,137,32.00001728
2021,326,University of Illinois,Wheat breeding program at the University of Illinois,1273,CC_Urb_21,"Combined Cooperative Trial at Urbana, IL [2021]",p-rep,,,,,,2020-September-30,,26,"Urbana, IL",280854,OH17-124-70,,plot,283484,CC_Urb_21-232,1,2,232,2,9,test,,,,,,137,32.00001728
2021,326,University of Illinois,Wheat breeding program at the University of Illinois,1273,CC_Urb_21,"Combined Cooperative Trial at Urbana, IL [2021]",p-rep,,,,,,2020-September-30,,26,"Urbana, IL",282816,20PU-0082,,plot,283427,CC_Urb_21-233,1,2,233,3,9,test,,,,,,137,36.00001944
2021,326,University of Illinois,Wheat breeding program at the University of Illinois,1273,CC_Urb_21,"Combined Cooperative Trial at Urbana, IL [2021]",p-rep,,,,,,2020-September-30,,26,"Urbana, IL",281190,MI18R1605,,plot,283532,CC_Urb_21-234,1,2,234,4,9,test,,,,,,133,36.00001944
2021,326,University of Illinois,Wheat breeding program at the University of Illinois,1273,CC_Urb_21,"Combined Cooperative Trial at Urbana, IL [2021]",p-rep,,,,,,2020-September-30,,26,"Urbana, IL",283367,P2138,,plot,283605,CC_Urb_21-235,1,2,235,5,9,test,,,,,,138,36.00001944
2021,326,University of Illinois,Wheat breeding program at the University of Illinois,1273,CC_Urb_21,"Combined Cooperative Trial at Urbana, IL [2021]",p-rep,,,,,,2020-September-30,,26,"Urbana, IL",84759,07-20728,IL07-20728,plot,283617,CC_Urb_21-236,1,2,236,6,9,check,,,,,,136,38.00002052
2021,326,University of Illinois,Wheat breeding program at the University of Illinois,1273,CC_Urb_21,"Combined Cooperative Trial at Urbana, IL [2021]",p-rep,,,,,,2020-September-30,,26,"Urbana, IL",283354,P2125,,plot,283654,CC_Urb_21-237,1,2,237,7,9,test,,,,,,135,32.00001728
2021,326,University of Illinois,Wheat breeding program at the University of Illinois,1273,CC_Urb_21,"Combined Cooperative Trial at Urbana, IL [2021]",p-rep,,,,,,2020-September-30,,26,"Urbana, IL",281179,10523RA1-21-42,,plot,283520,CC_Urb_21-238,1,2,238,8,9,test,,,,,,135,36.00001944
2021,326,University of Illinois,Wheat breeding program at the University of Illinois,1273,CC_Urb_21,"Combined Cooperative Trial at Urbana, IL [2021]",p-rep,,,,,,2020-September-30,,26,"Urbana, IL",100222,OH15-191-52,,plot,283570,CC_Urb_21-239,1,2,239,9,9,test,,,,,,137,34.00001836
2021,326,University of Illinois,Wheat breeding program at the University of Illinois,1273,CC_Urb_21,"Combined Cooperative Trial at Urbana, IL [2021]",p-rep,,,,,,2020-September-30,,26,"Urbana, IL",282817,20PU-0094,,plot,283446,CC_Urb_21-240,1,2,240,10,9,test,,,,,,137,40.0000216
2021,326,University of Illinois,Wheat breeding program at the University of Illinois,1273,CC_Urb_21,"Combined Cooperative Trial at Urbana, IL [2021]",p-rep,,,,,,2020-September-30,,26,"Urbana, IL",282723,MI18W0286,,plot,283562,CC_Urb_21-241,1,2,241,10,10,test,,,,,,137,34.00001836
2021,326,University of Illinois,Wheat breeding program at the University of Illinois,1273,CC_Urb_21,"Combined Cooperative Trial at Urbana, IL [2021]",p-rep,,,,,,2020-September-30,,26,"Urbana, IL",282728,P2117,,plot,283476,CC_Urb_21-242,1,2,242,9,10,test,,,,,,132,34.00001836
2021,326,University of Illinois,Wheat breeding program at the University of Illinois,1273,CC_Urb_21,"Combined Cooperative Trial at Urbana, IL [2021]",p-rep,,,,,,2020-September-30,,26,"Urbana, IL",283344,P2114,,plot,283644,CC_Urb_21-243,1,2,243,8,10,test,,,,,,137,32.00001728
2021,326,University of Illinois,Wheat breeding program at the University of Illinois,1273,CC_Urb_21,"Combined Cooperative Trial at Urbana, IL [2021]",p-rep,,,,,,2020-September-30,,26,"Urbana, IL",93422,05247A1-7-3-98,,plot,283554,CC_Urb_21-244,1,2,244,7,10,test,,,,,,134,34.00001836
2021,326,University of Illinois,Wheat breeding program at the University of Illinois,1273,CC_Urb_21,"Combined Cooperative Trial at Urbana, IL [2021]",p-rep,,,,,,2020-September-30,,26,"Urbana, IL",240706,DH15SRW67-151,,plot,283398,CC_Urb_21-245,1,2,245,6,10,test,,,,,,140,32.00001728
2021,326,University of Illinois,Wheat breeding program at the University of Illinois,1273,CC_Urb_21,"Combined Cooperative Trial at Urbana, IL [2021]",p-rep,,,,,,2020-September-30,,26,"Urbana, IL",94122,0762A1-2-8,,plot,283588,CC_Urb_21-246,1,2,246,5,10,test,,,,,,137,34.00001836
2021,326,University of Illinois,Wheat breeding program at the University of Illinois,1273,CC_Urb_21,"Combined Cooperative Trial at Urbana, IL [2021]",p-rep,,,,,,2020-September-30,,26,"Urbana, IL",283356,P2127,,plot,283576,CC_Urb_21-247,1,2,247,4,10,test,,,,,,138,36.00001944
2021,326,University of Illinois,Wheat breeding program at the University of Illinois,1273,CC_Urb_21,"Combined Cooperative Trial at Urbana, IL [2021]",p-rep,,,,,,2020-September-30,,26,"Urbana, IL",283364,P2135,,plot,283386,CC_Urb_21-248,1,2,248,3,10,test,,,,,,134,38.00002052
2021,326,University of Illinois,Wheat breeding program at the University of Illinois,1273,CC_Urb_21,"Combined Cooperative Trial at Urbana, IL [2021]",p-rep,,,,,,2020-September-30,,26,"Urbana, IL",100570,Pio 25R74,25R74,plot,283394,CC_Urb_21-249,1,2,249,2,10,check,,,,,,136,35.0000189
2021,326,University of Illinois,Wheat breeding program at the University of Illinois,1273,CC_Urb_21,"Combined Cooperative Trial at Urbana, IL [2021]",p-rep,,,,,,2020-September-30,,26,"Urbana, IL",282722,MI18W0200,,plot,283478,CC_Urb_21-250,1,2,250,1,10,test,,,,,,130,30.0000162
2021,326,University of Illinois,Wheat breeding program at the University of Illinois,1273,CC_Urb_21,"Combined Cooperative Trial at Urbana, IL [2021]",p-rep,,,,,,2020-September-30,,26,"Urbana, IL",282726,P2106,,plot,283471,CC_Urb_21-301,1,3,301,1,11,test,,,,,,139,36.00001944
2021,326,University of Illinois,Wheat breeding program at the University of Illinois,1273,CC_Urb_21,"Combined Cooperative Trial at Urbana, IL [2021]",p-rep,,,,,,2020-September-30,,26,"Urbana, IL",283368,P2139,,plot,283431,CC_Urb_21-302,1,3,302,2,11,test,,,,,,139,30.0000162
2021,326,University of Illinois,Wheat breeding program at the University of Illinois,1273,CC_Urb_21,"Combined Cooperative Trial at Urbana, IL [2021]",p-rep,,,,,,2020-September-30,,26,"Urbana, IL",84723,MO080104,,plot,283416,CC_Urb_21-303,1,3,303,3,11,test,,,,,,134,40.0000216
2021,326,University of Illinois,Wheat breeding program at the University of Illinois,1273,CC_Urb_21,"Combined Cooperative Trial at Urbana, IL [2021]",p-rep,,,,,,2020-September-30,,26,"Urbana, IL",283353,P2124,,plot,283475,CC_Urb_21-304,1,3,304,4,11,test,,,,,,134,34.00001836
2021,326,University of Illinois,Wheat breeding program at the University of Illinois,1273,CC_Urb_21,"Combined Cooperative Trial at Urbana, IL [2021]",p-rep,,,,,,2020-September-30,,26,"Urbana, IL",84955,Branson,,plot,283442,CC_Urb_21-305,1,3,305,5,11,test,,,,,,133,36.00001944
2021,326,University of Illinois,Wheat breeding program at the University of Illinois,1273,CC_Urb_21,"Combined Cooperative Trial at Urbana, IL [2021]",p-rep,,,,,,2020-September-30,,26,"Urbana, IL",283349,P2120,,plot,283389,CC_Urb_21-306,1,3,306,6,11,test,,,,,,140,36.00001944
2021,326,University of Illinois,Wheat breeding program at the University of Illinois,1273,CC_Urb_21,"Combined Cooperative Trial at Urbana, IL [2021]",p-rep,,,,,,2020-September-30,,26,"Urbana, IL",280814,DH15SRW65-53,,plot,283516,CC_Urb_21-307,1,3,307,7,11,test,,,,,,137,30.0000162
2021,326,University of Illinois,Wheat breeding program at the University of Illinois,1273,CC_Urb_21,"Combined Cooperative Trial at Urbana, IL [2021]",p-rep,,,,,,2020-September-30,,26,"Urbana, IL",281189,MI18R0875,,plot,283607,CC_Urb_21-308,1,3,308,8,11,test,,,,,,133,32.00001728
2021,326,University of Illinois,Wheat breeding program at the University of Illinois,1273,CC_Urb_21,"Combined Cooperative Trial at Urbana, IL [2021]",p-rep,,,,,,2020-September-30,,26,"Urbana, IL",281191,NS16VW516463,,plot,283572,CC_Urb_21-309,1,3,309,9,11,test,,,,,,135,34.00001836
2021,326,University of Illinois,Wheat breeding program at the University of Illinois,1273,CC_Urb_21,"Combined Cooperative Trial at Urbana, IL [2021]",p-rep,,,,,,2020-September-30,,26,"Urbana, IL",282728,P2117,,plot,283599,CC_Urb_21-310,1,3,310,10,11,test,,,,,,134,34.00001836
2021,326,University of Illinois,Wheat breeding program at the University of Illinois,1273,CC_Urb_21,"Combined Cooperative Trial at Urbana, IL [2021]",p-rep,,,,,,2020-September-30,,26,"Urbana, IL",84968,IL07-19334,IL07-19334,plot,283619,CC_Urb_21-311,1,3,311,10,12,test,,,,,,137,38.00002052
2021,326,University of Illinois,Wheat breeding program at the University of Illinois,1273,CC_Urb_21,"Combined Cooperative Trial at Urbana, IL [2021]",p-rep,,,,,,2020-September-30,,26,"Urbana, IL",283360,P2131,,plot,283511,CC_Urb_21-312,1,3,312,9,12,test,,,,,,137,32.00001728
2021,326,University of Illinois,Wheat breeding program at the University of Illinois,1273,CC_Urb_21,"Combined Cooperative Trial at Urbana, IL [2021]",p-rep,,,,,,2020-September-30,,26,"Urbana, IL",283355,P2126,,plot,283401,CC_Urb_21-313,1,3,313,8,12,test,,,,,,136,32.00001728
2021,326,University of Illinois,Wheat breeding program at the University of Illinois,1273,CC_Urb_21,"Combined Cooperative Trial at Urbana, IL [2021]",p-rep,,,,,,2020-September-30,,26,"Urbana, IL",240706,DH15SRW67-151,,plot,283567,CC_Urb_21-314,1,3,314,7,12,test,,,,,,140,30.0000162
2021,326,University of Illinois,Wheat breeding program at the University of Illinois,1273,CC_Urb_21,"Combined Cooperative Trial at Urbana, IL [2021]",p-rep,,,,,,2020-September-30,,26,"Urbana, IL",282727,P2112,,plot,283499,CC_Urb_21-315,1,3,315,6,12,test,,,,,,140,34.00001836
2021,326,University of Illinois,Wheat breeding program at the University of Illinois,1273,CC_Urb_21,"Combined Cooperative Trial at Urbana, IL [2021]",p-rep,,,,,,2020-September-30,,26,"Urbana, IL",84789,Kaskaskia,,plot,283399,CC_Urb_21-316,1,3,316,5,12,check,,,,,,135,40.0000216
2021,326,University of Illinois,Wheat breeding program at the University of Illinois,1273,CC_Urb_21,"Combined Cooperative Trial at Urbana, IL [2021]",p-rep,,,,,,2020-September-30,,26,"Urbana, IL",94122,0762A1-2-8,,plot,283637,CC_Urb_21-317,1,3,317,4,12,test,,,,,,136,32.00001728
2021,326,University of Illinois,Wheat breeding program at the University of Illinois,1273,CC_Urb_21,"Combined Cooperative Trial at Urbana, IL [2021]",p-rep,,,,,,2020-September-30,,26,"Urbana, IL",283372,P2143,,plot,283668,CC_Urb_21-318,1,3,318,3,12,test,,,,,,132,40.0000216
2021,326,University of Illinois,Wheat breeding program at the University of Illinois,1273,CC_Urb_21,"Combined Cooperative Trial at Urbana, IL [2021]",p-rep,,,,,,2020-September-30,,26,"Urbana, IL",100842,US16-IL-061-029,,plot,283450,CC_Urb_21-319,1,3,319,2,12,test,,,,,,132,34.00001836
2021,326,University of Illinois,Wheat breeding program at the University of Illinois,1273,CC_Urb_21,"Combined Cooperative Trial at Urbana, IL [2021]",p-rep,,,,,,2020-September-30,,26,"Urbana, IL",240887,X11-0357-24-13-5,,plot,283397,CC_Urb_21-320,1,3,320,1,12,test,,,,,,138,34.00001836
2021,326,University of Illinois,Wheat breeding program at the University of Illinois,1273,CC_Urb_21,"Combined Cooperative Trial at Urbana, IL [2021]",p-rep,,,,,,2020-September-30,,26,"Urbana, IL",281195,X12-3010-4-4-1,,plot,283598,CC_Urb_21-321,1,3,321,1,13,test,,,,,,138,34.00001836
2021,326,University of Illinois,Wheat breeding program at the University of Illinois,1273,CC_Urb_21,"Combined Cooperative Trial at Urbana, IL [2021]",p-rep,,,,,,2020-September-30,,26,"Urbana, IL",282730,X12-3035-50-3-3,,plot,283464,CC_Urb_21-322,1,3,322,2,13,test,,,,,,137,32.00001728
2021,326,University of Illinois,Wheat breeding program at the University of Illinois,1273,CC_Urb_21,"Combined Cooperative Trial at Urbana, IL [2021]",p-rep,,,,,,2020-September-30,,26,"Urbana, IL",283347,P2118,,plot,283671,CC_Urb_21-323,1,3,323,3,13,test,,,,,,135,36.00001944
2021,326,University of Illinois,Wheat breeding program at the University of Illinois,1273,CC_Urb_21,"Combined Cooperative Trial at Urbana, IL [2021]",p-rep,,,,,,2020-September-30,,26,"Urbana, IL",283361,P2132,,plot,283627,CC_Urb_21-324,1,3,324,4,13,test,,,,,,137,34.00001836
2021,326,University of Illinois,Wheat breeding program at the University of Illinois,1273,CC_Urb_21,"Combined Cooperative Trial at Urbana, IL [2021]",p-rep,,,,,,2020-September-30,,26,"Urbana, IL",84789,Kaskaskia,,plot,283548,CC_Urb_21-325,1,3,325,5,13,check,,,,,,137,38.00002052
2021,326,University of Illinois,Wheat breeding program at the University of Illinois,1273,CC_Urb_21,"Combined Cooperative Trial at Urbana, IL [2021]",p-rep,,,,,,2020-September-30,,26,"Urbana, IL",282823,X12-3035-50-6-5,,plot,283527,CC_Urb_21-326,1,3,326,6,13,test,,,,,,138,34.00001836
2021,326,University of Illinois,Wheat breeding program at the University of Illinois,1273,CC_Urb_21,"Combined Cooperative Trial at Urbana, IL [2021]",p-rep,,,,,,2020-September-30,,26,"Urbana, IL",96907,IL16-36206,IL16-36206,plot,283402,CC_Urb_21-327,1,3,327,7,13,test,,,,,,132,32.00001728
2021,326,University of Illinois,Wheat breeding program at the University of Illinois,1273,CC_Urb_21,"Combined Cooperative Trial at Urbana, IL [2021]",p-rep,,,,,,2020-September-30,,26,"Urbana, IL",281181,20-UMD-18,,plot,283483,CC_Urb_21-328,1,3,328,8,13,test,,,,,,137,32.00001728
2021,326,University of Illinois,Wheat breeding program at the University of Illinois,1273,CC_Urb_21,"Combined Cooperative Trial at Urbana, IL [2021]",p-rep,,,,,,2020-September-30,,26,"Urbana, IL",84759,07-20728,IL07-20728,plot,283411,CC_Urb_21-329,1,3,329,9,13,check,,,,,,135,38.00002052
2021,326,University of Illinois,Wheat breeding program at the University of Illinois,1273,CC_Urb_21,"Combined Cooperative Trial at Urbana, IL [2021]",p-rep,,,,,,2020-September-30,,26,"Urbana, IL",280856,OH17-206-73,,plot,283421,CC_Urb_21-330,1,3,330,10,13,test,,,,,,137,36.00001944
2021,326,University of Illinois,Wheat breeding program at the University of Illinois,1273,CC_Urb_21,"Combined Cooperative Trial at Urbana, IL [2021]",p-rep,,,,,,2020-September-30,,26,"Urbana, IL",281188,LES19-7191,,plot,283613,CC_Urb_21-331,1,3,331,10,14,test,,,,,,138,34.00001836
2021,326,University of Illinois,Wheat breeding program at the University of Illinois,1273,CC_Urb_21,"Combined Cooperative Trial at Urbana, IL [2021]",p-rep,,,,,,2020-September-30,,26,"Urbana, IL",240786,OH16-167-76,,plot,283596,CC_Urb_21-332,1,3,332,9,14,test,,,,,,133,34.00001836
2021,326,University of Illinois,Wheat breeding program at the University of Illinois,1273,CC_Urb_21,"Combined Cooperative Trial at Urbana, IL [2021]",p-rep,,,,,,2020-September-30,,26,"Urbana, IL",280857,OH17-21-11,,plot,283666,CC_Urb_21-333,1,3,333,8,14,test,,,,,,134,36.00001944
2021,326,University of Illinois,Wheat breeding program at the University of Illinois,1273,CC_Urb_21,"Combined Cooperative Trial at Urbana, IL [2021]",p-rep,,,,,,2020-September-30,,26,"Urbana, IL",283345,P2115,,plot,283630,CC_Urb_21-334,1,3,334,7,14,test,,,,,,137,28.00001512
2021,326,University of Illinois,Wheat breeding program at the University of Illinois,1273,CC_Urb_21,"Combined Cooperative Trial at Urbana, IL [2021]",p-rep,,,,,,2020-September-30,,26,"Urbana, IL",281194,TWR 09052,,plot,283546,CC_Urb_21-335,1,3,335,6,14,test,,,,,,137,32.00001728
2021,326,University of Illinois,Wheat breeding program at the University of Illinois,1273,CC_Urb_21,"Combined Cooperative Trial at Urbana, IL [2021]",p-rep,,,,,,2020-September-30,,26,"Urbana, IL",282725,P2105,,plot,283638,CC_Urb_21-336,1,3,336,5,14,test,,,,,,138,34.00001836
2021,326,University of Illinois,Wheat breeding program at the University of Illinois,1273,CC_Urb_21,"Combined Cooperative Trial at Urbana, IL [2021]",p-rep,,,,,,2020-September-30,,26,"Urbana, IL",282721,MI18W0144,,plot,283441,CC_Urb_21-337,1,3,337,4,14,test,,,,,,137,34.00001836
2021,326,University of Illinois,Wheat breeding program at the University of Illinois,1273,CC_Urb_21,"Combined Cooperative Trial at Urbana, IL [2021]",p-rep,,,,,,2020-September-30,,26,"Urbana, IL",240447,16VDH-SRW03-023,,plot,283392,CC_Urb_21-338,1,3,338,3,14,test,,,,,,137,32.00001728
2021,326,University of Illinois,Wheat breeding program at the University of Illinois,1273,CC_Urb_21,"Combined Cooperative Trial at Urbana, IL [2021]",p-rep,,,,,,2020-September-30,,26,"Urbana, IL",282820,MI18R1607,,plot,283526,CC_Urb_21-339,1,3,339,2,14,test,,,,,,135,34.00001836
2021,326,University of Illinois,Wheat breeding program at the University of Illinois,1273,CC_Urb_21,"Combined Cooperative Trial at Urbana, IL [2021]",p-rep,,,,,,2020-September-30,,26,"Urbana, IL",280867,X12-3114-65-7-1,,plot,283560,CC_Urb_21-340,1,3,340,1,14,test,,,,,,134,32.00001728
2021,326,University of Illinois,Wheat breeding program at the University of Illinois,1273,CC_Urb_21,"Combined Cooperative Trial at Urbana, IL [2021]",p-rep,,,,,,2020-September-30,,26,"Urbana, IL",281184,ARDH13216-12,,plot,283488,CC_Urb_21-341,1,3,341,1,15,test,,,,,,134,34.00001836
2021,326,University of Illinois,Wheat breeding program at the University of Illinois,1273,CC_Urb_21,"Combined Cooperative Trial at Urbana, IL [2021]",p-rep,,,,,,2020-September-30,,26,"Urbana, IL",84801,IL07-4415,IL07-4415,plot,283433,CC_Urb_21-342,1,3,342,2,15,check,,,,,,132,30.0000162
2021,326,University of Illinois,Wheat breeding program at the University of Illinois,1273,CC_Urb_21,"Combined Cooperative Trial at Urbana, IL [2021]",p-rep,,,,,,2020-September-30,,26,"Urbana, IL",240787,OH16-168-48,,plot,283387,CC_Urb_21-343,1,3,343,3,15,test,,,,,,133,30.0000162
2021,326,University of Illinois,Wheat breeding program at the University of Illinois,1273,CC_Urb_21,"Combined Cooperative Trial at Urbana, IL [2021]",p-rep,,,,,,2020-September-30,,26,"Urbana, IL",97161,IL17-23904,,plot,283509,CC_Urb_21-344,1,3,344,4,15,test,,,,,,134,34.00001836
2021,326,University of Illinois,Wheat breeding program at the University of Illinois,1273,CC_Urb_21,"Combined Cooperative Trial at Urbana, IL [2021]",p-rep,,,,,,2020-September-30,,26,"Urbana, IL",99368,MI16R0898,,plot,283521,CC_Urb_21-345,1,3,345,5,15,test,,,,,,137,36.00001944
2021,326,University of Illinois,Wheat breeding program at the University of Illinois,1273,CC_Urb_21,"Combined Cooperative Trial at Urbana, IL [2021]",p-rep,,,,,,2020-September-30,,26,"Urbana, IL",282822,X11-0414-116-11-3,,plot,283556,CC_Urb_21-346,1,3,346,6,15,test,,,,,,135,34.00001836
2021,326,University of Illinois,Wheat breeding program at the University of Illinois,1273,CC_Urb_21,"Combined Cooperative Trial at Urbana, IL [2021]",p-rep,,,,,,2020-September-30,,26,"Urbana, IL",281185,ARDH14002-22-0260N,,plot,283602,CC_Urb_21-347,1,3,347,7,15,test,,,,,,137,36.00001944
2021,326,University of Illinois,Wheat breeding program at the University of Illinois,1273,CC_Urb_21,"Combined Cooperative Trial at Urbana, IL [2021]",p-rep,,,,,,2020-September-30,,26,"Urbana, IL",100570,Pio 25R74,25R74,plot,283432,CC_Urb_21-348,1,3,348,8,15,test,,,,,,136,34.00001836
2021,326,University of Illinois,Wheat breeding program at the University of Illinois,1273,CC_Urb_21,"Combined Cooperative Trial at Urbana, IL [2021]",p-rep,,,,,,2020-September-30,,26,"Urbana, IL",100061,X11-0039-1-17-5,,plot,283537,CC_Urb_21-349,1,3,349,9,15,test,,,,,,134,36.00001944
2021,326,University of Illinois,Wheat breeding program at the University of Illinois,1273,CC_Urb_21,"Combined Cooperative Trial at Urbana, IL [2021]",p-rep,,,,,,2020-September-30,,26,"Urbana, IL",283348,P2119,,plot,283641,CC_Urb_21-350,1,3,350,10,15,test,,,,,,136,36.00001944
2021,326,University of Illinois,Wheat breeding program at the University of Illinois,1273,CC_Urb_21,"Combined Cooperative Trial at Urbana, IL [2021]",p-rep,,,,,,2020-September-30,,26,"Urbana, IL",240786,OH16-167-76,,plot,283589,CC_Urb_21-401,2,4,401,11,1,test,,,,,,134,28.00001512
2021,326,University of Illinois,Wheat breeding program at the University of Illinois,1273,CC_Urb_21,"Combined Cooperative Trial at Urbana, IL [2021]",p-rep,,,,,,2020-September-30,,26,"Urbana, IL",282816,20PU-0082,,plot,283591,CC_Urb_21-402,2,4,402,12,1,test,,,,,,136,34.00001836
2021,326,University of Illinois,Wheat breeding program at the University of Illinois,1273,CC_Urb_21,"Combined Cooperative Trial at Urbana, IL [2021]",p-rep,,,,,,2020-September-30,,26,"Urbana, IL",100570,Pio 25R74,25R74,plot,283503,CC_Urb_21-403,2,4,403,13,1,check,,,,,,137,30.0000162
2021,326,University of Illinois,Wheat breeding program at the University of Illinois,1273,CC_Urb_21,"Combined Cooperative Trial at Urbana, IL [2021]",p-rep,,,,,,2020-September-30,,26,"Urbana, IL",283361,P2132,,plot,283384,CC_Urb_21-404,2,4,404,14,1,test,,,,,,137,32.00001728
2021,326,University of Illinois,Wheat breeding program at the University of Illinois,1273,CC_Urb_21,"Combined Cooperative Trial at Urbana, IL [2021]",p-rep,,,,,,2020-September-30,,26,"Urbana, IL",84789,Kaskaskia,,plot,283639,CC_Urb_21-405,2,4,405,15,1,check,,,,,,137,42.00002268
2021,326,University of Illinois,Wheat breeding program at the University of Illinois,1273,CC_Urb_21,"Combined Cooperative Trial at Urbana, IL [2021]",p-rep,,,,,,2020-September-30,,26,"Urbana, IL",281188,LES19-7191,,plot,283382,CC_Urb_21-406,2,4,406,16,1,test,,,,,,138,30.0000162
2021,326,University of Illinois,Wheat breeding program at the University of Illinois,1273,CC_Urb_21,"Combined Cooperative Trial at Urbana, IL [2021]",p-rep,,,,,,2020-September-30,,26,"Urbana, IL",282728,P2117,,plot,283404,CC_Urb_21-407,2,4,407,17,1,test,,,,,,134,32.00001728
2021,326,University of Illinois,Wheat breeding program at the University of Illinois,1273,CC_Urb_21,"Combined Cooperative Trial at Urbana, IL [2021]",p-rep,,,,,,2020-September-30,,26,"Urbana, IL",282728,P2117,,plot,283660,CC_Urb_21-408,2,4,408,18,1,test,,,,,,134,34.00001836
2021,326,University of Illinois,Wheat breeding program at the University of Illinois,1273,CC_Urb_21,"Combined Cooperative Trial at Urbana, IL [2021]",p-rep,,,,,,2020-September-30,,26,"Urbana, IL",281192,TWR 09009,,plot,283417,CC_Urb_21-409,2,4,409,19,1,test,,,,,,135,36.00001944
2021,326,University of Illinois,Wheat breeding program at the University of Illinois,1273,CC_Urb_21,"Combined Cooperative Trial at Urbana, IL [2021]",p-rep,,,,,,2020-September-30,,26,"Urbana, IL",281180,20-UMD-133,,plot,283445,CC_Urb_21-410,2,4,410,20,1,test,,,,,,137,32.00001728
2021,326,University of Illinois,Wheat breeding program at the University of Illinois,1273,CC_Urb_21,"Combined Cooperative Trial at Urbana, IL [2021]",p-rep,,,,,,2020-September-30,,26,"Urbana, IL",281195,X12-3010-4-4-1,,plot,283506,CC_Urb_21-411,2,4,411,20,2,test,,,,,,138,36.00001944
2021,326,University of Illinois,Wheat breeding program at the University of Illinois,1273,CC_Urb_21,"Combined Cooperative Trial at Urbana, IL [2021]",p-rep,,,,,,2020-September-30,,26,"Urbana, IL",240447,16VDH-SRW03-023,,plot,283603,CC_Urb_21-412,2,4,412,19,2,test,,,,,,137,34.00001836
2021,326,University of Illinois,Wheat breeding program at the University of Illinois,1273,CC_Urb_21,"Combined Cooperative Trial at Urbana, IL [2021]",p-rep,,,,,,2020-September-30,,26,"Urbana, IL",282825,X12-974-18-13-3,,plot,283544,CC_Urb_21-413,2,4,413,18,2,test,,,,,,137,32.00001728
2021,326,University of Illinois,Wheat breeding program at the University of Illinois,1273,CC_Urb_21,"Combined Cooperative Trial at Urbana, IL [2021]",p-rep,,,,,,2020-September-30,,26,"Urbana, IL",240706,DH15SRW67-151,,plot,283636,CC_Urb_21-414,2,4,414,17,2,test,,,,,,140,32.00001728
2021,326,University of Illinois,Wheat breeding program at the University of Illinois,1273,CC_Urb_21,"Combined Cooperative Trial at Urbana, IL [2021]",p-rep,,,,,,2020-September-30,,26,"Urbana, IL",283368,P2139,,plot,283634,CC_Urb_21-415,2,4,415,16,2,test,,,,,,139,32.00001728
2021,326,University of Illinois,Wheat breeding program at the University of Illinois,1273,CC_Urb_21,"Combined Cooperative Trial at Urbana, IL [2021]",p-rep,,,,,,2020-September-30,,26,"Urbana, IL",96907,IL16-36206,IL16-36206,plot,283481,CC_Urb_21-416,2,4,416,15,2,test,,,,,,133,36.00001944
2021,326,University of Illinois,Wheat breeding program at the University of Illinois,1273,CC_Urb_21,"Combined Cooperative Trial at Urbana, IL [2021]",p-rep,,,,,,2020-September-30,,26,"Urbana, IL",93422,05247A1-7-3-98,,plot,283648,CC_Urb_21-417,2,4,417,14,2,test,,,,,,134,32.00001728
2021,326,University of Illinois,Wheat breeding program at the University of Illinois,1273,CC_Urb_21,"Combined Cooperative Trial at Urbana, IL [2021]",p-rep,,,,,,2020-September-30,,26,"Urbana, IL",100220,OH15-131-31,,plot,283412,CC_Urb_21-418,2,4,418,13,2,test,,,,,,137,32.00001728
2021,326,University of Illinois,Wheat breeding program at the University of Illinois,1273,CC_Urb_21,"Combined Cooperative Trial at Urbana, IL [2021]",p-rep,,,,,,2020-September-30,,26,"Urbana, IL",281179,10523RA1-21-42,,plot,283621,CC_Urb_21-419,2,4,419,12,2,test,,,,,,137,34.00001836
2021,326,University of Illinois,Wheat breeding program at the University of Illinois,1273,CC_Urb_21,"Combined Cooperative Trial at Urbana, IL [2021]",p-rep,,,,,,2020-September-30,,26,"Urbana, IL",283348,P2119,,plot,283405,CC_Urb_21-420,2,4,420,11,2,test,,,,,,137,32.00001728
2021,326,University of Illinois,Wheat breeding program at the University of Illinois,1273,CC_Urb_21,"Combined Cooperative Trial at Urbana, IL [2021]",p-rep,,,,,,2020-September-30,,26,"Urbana, IL",282730,X12-3035-50-3-3,,plot,283578,CC_Urb_21-421,2,4,421,11,3,test,,,,,,138,30.0000162
2021,326,University of Illinois,Wheat breeding program at the University of Illinois,1273,CC_Urb_21,"Combined Cooperative Trial at Urbana, IL [2021]",p-rep,,,,,,2020-September-30,,26,"Urbana, IL",283371,P2142,,plot,283381,CC_Urb_21-422,2,4,422,12,3,test,,,,,,133,28.00001512
2021,326,University of Illinois,Wheat breeding program at the University of Illinois,1273,CC_Urb_21,"Combined Cooperative Trial at Urbana, IL [2021]",p-rep,,,,,,2020-September-30,,26,"Urbana, IL",94122,0762A1-2-8,,plot,283662,CC_Urb_21-423,2,4,423,13,3,test,,,,,,136,28.00001512
2021,326,University of Illinois,Wheat breeding program at the University of Illinois,1273,CC_Urb_21,"Combined Cooperative Trial at Urbana, IL [2021]",p-rep,,,,,,2020-September-30,,26,"Urbana, IL",282726,P2106,,plot,283610,CC_Urb_21-424,2,4,424,14,3,test,,,,,,139,34.00001836
2021,326,University of Illinois,Wheat breeding program at the University of Illinois,1273,CC_Urb_21,"Combined Cooperative Trial at Urbana, IL [2021]",p-rep,,,,,,2020-September-30,,26,"Urbana, IL",283364,P2135,,plot,283377,CC_Urb_21-425,2,4,425,15,3,test,,,,,,134,36.00001944
2021,326,University of Illinois,Wheat breeding program at the University of Illinois,1273,CC_Urb_21,"Combined Cooperative Trial at Urbana, IL [2021]",p-rep,,,,,,2020-September-30,,26,"Urbana, IL",281194,TWR 09052,,plot,283577,CC_Urb_21-426,2,4,426,16,3,test,,,,,,137,34.00001836
2021,326,University of Illinois,Wheat breeding program at the University of Illinois,1273,CC_Urb_21,"Combined Cooperative Trial at Urbana, IL [2021]",p-rep,,,,,,2020-September-30,,26,"Urbana, IL",84801,IL07-4415,IL07-4415,plot,283535,CC_Urb_21-427,2,4,427,17,3,check,,,,,,132,36.00001944
2021,326,University of Illinois,Wheat breeding program at the University of Illinois,1273,CC_Urb_21,"Combined Cooperative Trial at Urbana, IL [2021]",p-rep,,,,,,2020-September-30,,26,"Urbana, IL",84955,Branson,,plot,283593,CC_Urb_21-428,2,4,428,18,3,test,,,,,,134,36.00001944
2021,326,University of Illinois,Wheat breeding program at the University of Illinois,1273,CC_Urb_21,"Combined Cooperative Trial at Urbana, IL [2021]",p-rep,,,,,,2020-September-30,,26,"Urbana, IL",282817,20PU-0094,,plot,283454,CC_Urb_21-429,2,4,429,19,3,test,,,,,,137,38.00002052
2021,326,University of Illinois,Wheat breeding program at the University of Illinois,1273,CC_Urb_21,"Combined Cooperative Trial at Urbana, IL [2021]",p-rep,,,,,,2020-September-30,,26,"Urbana, IL",240887,X11-0357-24-13-5,,plot,283425,CC_Urb_21-430,2,4,430,20,3,test,,,,,,139,34.00001836
2021,326,University of Illinois,Wheat breeding program at the University of Illinois,1273,CC_Urb_21,"Combined Cooperative Trial at Urbana, IL [2021]",p-rep,,,,,,2020-September-30,,26,"Urbana, IL",100222,OH15-191-52,,plot,283633,CC_Urb_21-431,2,4,431,20,4,test,,,,,,138,36.00001944
2021,326,University of Illinois,Wheat breeding program at the University of Illinois,1273,CC_Urb_21,"Combined Cooperative Trial at Urbana, IL [2021]",p-rep,,,,,,2020-September-30,,26,"Urbana, IL",281189,MI18R0875,,plot,283571,CC_Urb_21-432,2,4,432,19,4,test,,,,,,133,36.00001944
2021,326,University of Illinois,Wheat breeding program at the University of Illinois,1273,CC_Urb_21,"Combined Cooperative Trial at Urbana, IL [2021]",p-rep,,,,,,2020-September-30,,26,"Urbana, IL",283358,P2129,,plot,283580,CC_Urb_21-433,2,4,433,18,4,test,,,,,,134,32.00001728
2021,326,University of Illinois,Wheat breeding program at the University of Illinois,1273,CC_Urb_21,"Combined Cooperative Trial at Urbana, IL [2021]",p-rep,,,,,,2020-September-30,,26,"Urbana, IL",85074,Pio 25R46,Pioneer Brand 25R46,plot,283480,CC_Urb_21-434,2,4,434,17,4,test,,,,,,137,34.00001836
2021,326,University of Illinois,Wheat breeding program at the University of Illinois,1273,CC_Urb_21,"Combined Cooperative Trial at Urbana, IL [2021]",p-rep,,,,,,2020-September-30,,26,"Urbana, IL",98931,KY07C-1145-94-12-5,,plot,283531,CC_Urb_21-435,2,4,435,16,4,test,,,,,,137,34.00001836
2021,326,University of Illinois,Wheat breeding program at the University of Illinois,1273,CC_Urb_21,"Combined Cooperative Trial at Urbana, IL [2021]",p-rep,,,,,,2020-September-30,,26,"Urbana, IL",100842,US16-IL-061-029,,plot,283645,CC_Urb_21-436,2,4,436,15,4,test,,,,,,133,32.00001728
2021,326,University of Illinois,Wheat breeding program at the University of Illinois,1273,CC_Urb_21,"Combined Cooperative Trial at Urbana, IL [2021]",p-rep,,,,,,2020-September-30,,26,"Urbana, IL",283356,P2127,,plot,283611,CC_Urb_21-437,2,4,437,14,4,test,,,,,,138,34.00001836
2021,326,University of Illinois,Wheat breeding program at the University of Illinois,1273,CC_Urb_21,"Combined Cooperative Trial at Urbana, IL [2021]",p-rep,,,,,,2020-September-30,,26,"Urbana, IL",99368,MI16R0898,,plot,283453,CC_Urb_21-438,2,4,438,13,4,test,,,,,,139,32.00001728
2021,326,University of Illinois,Wheat breeding program at the University of Illinois,1273,CC_Urb_21,"Combined Cooperative Trial at Urbana, IL [2021]",p-rep,,,,,,2020-September-30,,26,"Urbana, IL",280857,OH17-21-11,,plot,283496,CC_Urb_21-439,2,4,439,12,4,test,,,,,,134,32.00001728
2021,326,University of Illinois,Wheat breeding program at the University of Illinois,1273,CC_Urb_21,"Combined Cooperative Trial at Urbana, IL [2021]",p-rep,,,,,,2020-September-30,,26,"Urbana, IL",84759,07-20728,IL07-20728,plot,283626,CC_Urb_21-440,2,4,440,11,4,check,,,,,,134,34.00001836
2021,326,University of Illinois,Wheat breeding program at the University of Illinois,1273,CC_Urb_21,"Combined Cooperative Trial at Urbana, IL [2021]",p-rep,,,,,,2020-September-30,,26,"Urbana, IL",282727,P2112,,plot,283631,CC_Urb_21-441,2,4,441,11,5,test,,,,,,138,32.00001728
2021,326,University of Illinois,Wheat breeding program at the University of Illinois,1273,CC_Urb_21,"Combined Cooperative Trial at Urbana, IL [2021]",p-rep,,,,,,2020-September-30,,26,"Urbana, IL",84655,IL15-4957,IL15-4957,plot,283568,CC_Urb_21-442,2,4,442,12,5,test,,,,,,134,34.00001836
2021,326,University of Illinois,Wheat breeding program at the University of Illinois,1273,CC_Urb_21,"Combined Cooperative Trial at Urbana, IL [2021]",p-rep,,,,,,2020-September-30,,26,"Urbana, IL",283345,P2115,,plot,283415,CC_Urb_21-443,2,4,443,13,5,test,,,,,,136,32.00001728
2021,326,University of Illinois,Wheat breeding program at the University of Illinois,1273,CC_Urb_21,"Combined Cooperative Trial at Urbana, IL [2021]",p-rep,,,,,,2020-September-30,,26,"Urbana, IL",100061,X11-0039-1-17-5,,plot,283493,CC_Urb_21-444,2,4,444,14,5,test,,,,,,137,32.00001728
2021,326,University of Illinois,Wheat breeding program at the University of Illinois,1273,CC_Urb_21,"Combined Cooperative Trial at Urbana, IL [2021]",p-rep,,,,,,2020-September-30,,26,"Urbana, IL",283353,P2124,,plot,283530,CC_Urb_21-445,2,4,445,15,5,test,,,,,,136,32.00001728
2021,326,University of Illinois,Wheat breeding program at the University of Illinois,1273,CC_Urb_21,"Combined Cooperative Trial at Urbana, IL [2021]",p-rep,,,,,,2020-September-30,,26,"Urbana, IL",283347,P2118,,plot,283528,CC_Urb_21-446,2,4,446,16,5,test,,,,,,137,36.00001944
2021,326,University of Illinois,Wheat breeding program at the University of Illinois,1273,CC_Urb_21,"Combined Cooperative Trial at Urbana, IL [2021]",p-rep,,,,,,2020-September-30,,26,"Urbana, IL",280864,X12-3024-47-4-1,,plot,283615,CC_Urb_21-447,2,4,447,17,5,test,,,,,,137,34.00001836
2021,326,University of Illinois,Wheat breeding program at the University of Illinois,1273,CC_Urb_21,"Combined Cooperative Trial at Urbana, IL [2021]",p-rep,,,,,,2020-September-30,,26,"Urbana, IL",281184,ARDH13216-12,,plot,283474,CC_Urb_21-448,2,4,448,18,5,test,,,,,,134,38.00002052
2021,326,University of Illinois,Wheat breeding program at the University of Illinois,1273,CC_Urb_21,"Combined Cooperative Trial at Urbana, IL [2021]",p-rep,,,,,,2020-September-30,,26,"Urbana, IL",283354,P2125,,plot,283632,CC_Urb_21-449,2,4,449,19,5,test,,,,,,136,32.00001728
2021,326,University of Illinois,Wheat breeding program at the University of Illinois,1273,CC_Urb_21,"Combined Cooperative Trial at Urbana, IL [2021]",p-rep,,,,,,2020-September-30,,26,"Urbana, IL",282722,MI18W0200,,plot,283510,CC_Urb_21-450,2,4,450,20,5,test,,,,,,131,32.00001728
2021,326,University of Illinois,Wheat breeding program at the University of Illinois,1273,CC_Urb_21,"Combined Cooperative Trial at Urbana, IL [2021]",p-rep,,,,,,2020-September-30,,26,"Urbana, IL",281195,X12-3010-4-4-1,,plot,283393,CC_Urb_21-501,2,5,501,20,6,test,,,,,,138,36.00001944
2021,326,University of Illinois,Wheat breeding program at the University of Illinois,1273,CC_Urb_21,"Combined Cooperative Trial at Urbana, IL [2021]",p-rep,,,,,,2020-September-30,,26,"Urbana, IL",84723,MO080104,,plot,283472,CC_Urb_21-502,2,5,502,19,6,test,,,,,,137,36.00001944
2021,326,University of Illinois,Wheat breeding program at the University of Illinois,1273,CC_Urb_21,"Combined Cooperative Trial at Urbana, IL [2021]",p-rep,,,,,,2020-September-30,,26,"Urbana, IL",283355,P2126,,plot,283623,CC_Urb_21-503,2,5,503,18,6,test,,,,,,137,32.00001728
2021,326,University of Illinois,Wheat breeding program at the University of Illinois,1273,CC_Urb_21,"Combined Cooperative Trial at Urbana, IL [2021]",p-rep,,,,,,2020-September-30,,26,"Urbana, IL",99368,MI16R0898,,plot,283672,CC_Urb_21-504,2,5,504,17,6,test,,,,,,139,38.00002052
2021,326,University of Illinois,Wheat breeding program at the University of Illinois,1273,CC_Urb_21,"Combined Cooperative Trial at Urbana, IL [2021]",p-rep,,,,,,2020-September-30,,26,"Urbana, IL",282820,MI18R1607,,plot,283424,CC_Urb_21-505,2,5,505,16,6,test,,,,,,136,38.00002052
2021,326,University of Illinois,Wheat breeding program at the University of Illinois,1273,CC_Urb_21,"Combined Cooperative Trial at Urbana, IL [2021]",p-rep,,,,,,2020-September-30,,26,"Urbana, IL",96920,IL16-36752,,plot,283661,CC_Urb_21-506,2,5,506,15,6,test,,,,,,134,36.00001944
2021,326,University of Illinois,Wheat breeding program at the University of Illinois,1273,CC_Urb_21,"Combined Cooperative Trial at Urbana, IL [2021]",p-rep,,,,,,2020-September-30,,26,"Urbana, IL",280823,KWS361,,plot,283376,CC_Urb_21-507,2,5,507,14,6,test,,,,,,137,38.00002052
2021,326,University of Illinois,Wheat breeding program at the University of Illinois,1273,CC_Urb_21,"Combined Cooperative Trial at Urbana, IL [2021]",p-rep,,,,,,2020-September-30,,26,"Urbana, IL",84955,Branson,,plot,283658,CC_Urb_21-508,2,5,508,13,6,test,,,,,,134,34.00001836
2021,326,University of Illinois,Wheat breeding program at the University of Illinois,1273,CC_Urb_21,"Combined Cooperative Trial at Urbana, IL [2021]",p-rep,,,,,,2020-September-30,,26,"Urbana, IL",97095,IL17-17739,,plot,283413,CC_Urb_21-509,2,5,509,12,6,test,,,,,,136,38.00002052
2021,326,University of Illinois,Wheat breeding program at the University of Illinois,1273,CC_Urb_21,"Combined Cooperative Trial at Urbana, IL [2021]",p-rep,,,,,,2020-September-30,,26,"Urbana, IL",283362,P2133,,plot,283650,CC_Urb_21-510,2,5,510,11,6,test,,,,,,139,36.00001944
2021,326,University of Illinois,Wheat breeding program at the University of Illinois,1273,CC_Urb_21,"Combined Cooperative Trial at Urbana, IL [2021]",p-rep,,,,,,2020-September-30,,26,"Urbana, IL",281186,ARS16W0574,,plot,283482,CC_Urb_21-511,2,5,511,11,7,test,,,,,,135,36.00001944
2021,326,University of Illinois,Wheat breeding program at the University of Illinois,1273,CC_Urb_21,"Combined Cooperative Trial at Urbana, IL [2021]",p-rep,,,,,,2020-September-30,,26,"Urbana, IL",282815,20PU-0053,,plot,283444,CC_Urb_21-512,2,5,512,12,7,test,,,,,,139,34.00001836
2021,326,University of Illinois,Wheat breeding program at the University of Illinois,1273,CC_Urb_21,"Combined Cooperative Trial at Urbana, IL [2021]",p-rep,,,,,,2020-September-30,,26,"Urbana, IL",283346,P2116,,plot,283465,CC_Urb_21-513,2,5,513,13,7,test,,,,,,137,28.00001512
2021,326,University of Illinois,Wheat breeding program at the University of Illinois,1273,CC_Urb_21,"Combined Cooperative Trial at Urbana, IL [2021]",p-rep,,,,,,2020-September-30,,26,"Urbana, IL",281181,20-UMD-18,,plot,283652,CC_Urb_21-514,2,5,514,14,7,test,,,,,,137,28.00001512
2021,326,University of Illinois,Wheat breeding program at the University of Illinois,1273,CC_Urb_21,"Combined Cooperative Trial at Urbana, IL [2021]",p-rep,,,,,,2020-September-30,,26,"Urbana, IL",281194,TWR 09052,,plot,283504,CC_Urb_21-515,2,5,515,15,7,test,,,,,,135,32.00001728
2021,326,University of Illinois,Wheat breeding program at the University of Illinois,1273,CC_Urb_21,"Combined Cooperative Trial at Urbana, IL [2021]",p-rep,,,,,,2020-September-30,,26,"Urbana, IL",100061,X11-0039-1-17-5,,plot,283565,CC_Urb_21-516,2,5,516,16,7,test,,,,,,137,30.0000162
2021,326,University of Illinois,Wheat breeding program at the University of Illinois,1273,CC_Urb_21,"Combined Cooperative Trial at Urbana, IL [2021]",p-rep,,,,,,2020-September-30,,26,"Urbana, IL",283372,P2143,,plot,283378,CC_Urb_21-517,2,5,517,17,7,test,,,,,,134,36.00001944
2021,326,University of Illinois,Wheat breeding program at the University of Illinois,1273,CC_Urb_21,"Combined Cooperative Trial at Urbana, IL [2021]",p-rep,,,,,,2020-September-30,,26,"Urbana, IL",281187,LES19-0387,,plot,283653,CC_Urb_21-518,2,5,518,18,7,test,,,,,,140,36.00001944
2021,326,University of Illinois,Wheat breeding program at the University of Illinois,1273,CC_Urb_21,"Combined Cooperative Trial at Urbana, IL [2021]",p-rep,,,,,,2020-September-30,,26,"Urbana, IL",283352,P2123,,plot,283507,CC_Urb_21-519,2,5,519,19,7,test,,,,,,137,34.00001836
2021,326,University of Illinois,Wheat breeding program at the University of Illinois,1273,CC_Urb_21,"Combined Cooperative Trial at Urbana, IL [2021]",p-rep,,,,,,2020-September-30,,26,"Urbana, IL",281182,20-UMD-20,,plot,283664,CC_Urb_21-520,2,5,520,20,7,test,,,,,,135,32.00001728
2021,326,University of Illinois,Wheat breeding program at the University of Illinois,1273,CC_Urb_21,"Combined Cooperative Trial at Urbana, IL [2021]",p-rep,,,,,,2020-September-30,,26,"Urbana, IL",280867,X12-3114-65-7-1,,plot,283665,CC_Urb_21-521,2,5,521,20,8,test,,,,,,137,34.00001836
2021,326,University of Illinois,Wheat breeding program at the University of Illinois,1273,CC_Urb_21,"Combined Cooperative Trial at Urbana, IL [2021]",p-rep,,,,,,2020-September-30,,26,"Urbana, IL",282727,P2112,,plot,283597,CC_Urb_21-522,2,5,522,19,8,test,,,,,,140,34.00001836
2021,326,University of Illinois,Wheat breeding program at the University of Illinois,1273,CC_Urb_21,"Combined Cooperative Trial at Urbana, IL [2021]",p-rep,,,,,,2020-September-30,,26,"Urbana, IL",100842,US16-IL-061-029,,plot,283447,CC_Urb_21-523,2,5,523,18,8,test,,,,,,133,36.00001944
2021,326,University of Illinois,Wheat breeding program at the University of Illinois,1273,CC_Urb_21,"Combined Cooperative Trial at Urbana, IL [2021]",p-rep,,,,,,2020-September-30,,26,"Urbana, IL",96752,IL16-23941,IL16-23941,plot,283502,CC_Urb_21-524,2,5,524,17,8,test,,,,,,132,34.00001836
2021,326,University of Illinois,Wheat breeding program at the University of Illinois,1273,CC_Urb_21,"Combined Cooperative Trial at Urbana, IL [2021]",p-rep,,,,,,2020-September-30,,26,"Urbana, IL",280803,05251A1-1-136-9-9,,plot,283622,CC_Urb_21-525,2,5,525,16,8,test,,,,,,141,34.00001836
2021,326,University of Illinois,Wheat breeding program at the University of Illinois,1273,CC_Urb_21,"Combined Cooperative Trial at Urbana, IL [2021]",p-rep,,,,,,2020-September-30,,26,"Urbana, IL",97161,IL17-23904,,plot,283649,CC_Urb_21-526,2,5,526,15,8,test,,,,,,133,36.00001944
2021,326,University of Illinois,Wheat breeding program at the University of Illinois,1273,CC_Urb_21,"Combined Cooperative Trial at Urbana, IL [2021]",p-rep,,,,,,2020-September-30,,26,"Urbana, IL",280814,DH15SRW65-53,,plot,283582,CC_Urb_21-527,2,5,527,14,8,test,,,,,,138,26.00001404
2021,326,University of Illinois,Wheat breeding program at the University of Illinois,1273,CC_Urb_21,"Combined Cooperative Trial at Urbana, IL [2021]",p-rep,,,,,,2020-September-30,,26,"Urbana, IL",280858,OH17-93-33,,plot,283396,CC_Urb_21-528,2,5,528,13,8,test,,,,,,137,30.0000162
2021,326,University of Illinois,Wheat breeding program at the University of Illinois,1273,CC_Urb_21,"Combined Cooperative Trial at Urbana, IL [2021]",p-rep,,,,,,2020-September-30,,26,"Urbana, IL",96756,IL16-23972,IL16-23972,plot,283659,CC_Urb_21-529,2,5,529,12,8,test,,,,,,134,28.00001512
2021,326,University of Illinois,Wheat breeding program at the University of Illinois,1273,CC_Urb_21,"Combined Cooperative Trial at Urbana, IL [2021]",p-rep,,,,,,2020-September-30,,26,"Urbana, IL",280856,OH17-206-73,,plot,283522,CC_Urb_21-530,2,5,530,11,8,test,,,,,,137,28.00001512
2021,326,University of Illinois,Wheat breeding program at the University of Illinois,1273,CC_Urb_21,"Combined Cooperative Trial at Urbana, IL [2021]",p-rep,,,,,,2020-September-30,,26,"Urbana, IL",281191,NS16VW516463,,plot,283436,CC_Urb_21-531,2,5,531,11,9,test,,,,,,136,30.0000162
2021,326,University of Illinois,Wheat breeding program at the University of Illinois,1273,CC_Urb_21,"Combined Cooperative Trial at Urbana, IL [2021]",p-rep,,,,,,2020-September-30,,26,"Urbana, IL",282824,X12-3048-52-17-5,,plot,283423,CC_Urb_21-532,2,5,532,12,9,test,,,,,,137,30.0000162
2021,326,University of Illinois,Wheat breeding program at the University of Illinois,1273,CC_Urb_21,"Combined Cooperative Trial at Urbana, IL [2021]",p-rep,,,,,,2020-September-30,,26,"Urbana, IL",282823,X12-3035-50-6-5,,plot,283390,CC_Urb_21-533,2,5,533,13,9,test,,,,,,138,30.0000162
2021,326,University of Illinois,Wheat breeding program at the University of Illinois,1273,CC_Urb_21,"Combined Cooperative Trial at Urbana, IL [2021]",p-rep,,,,,,2020-September-30,,26,"Urbana, IL",94122,0762A1-2-8,,plot,283552,CC_Urb_21-534,2,5,534,14,9,test,,,,,,138,26.00001404
2021,326,University of Illinois,Wheat breeding program at the University of Illinois,1273,CC_Urb_21,"Combined Cooperative Trial at Urbana, IL [2021]",p-rep,,,,,,2020-September-30,,26,"Urbana, IL",240447,16VDH-SRW03-023,,plot,283439,CC_Urb_21-535,2,5,535,15,9,test,,,,,,137,36.00001944
2021,326,University of Illinois,Wheat breeding program at the University of Illinois,1273,CC_Urb_21,"Combined Cooperative Trial at Urbana, IL [2021]",p-rep,,,,,,2020-September-30,,26,"Urbana, IL",282822,X11-0414-116-11-3,,plot,283529,CC_Urb_21-536,2,5,536,16,9,test,,,,,,135,38.00002052
2021,326,University of Illinois,Wheat breeding program at the University of Illinois,1273,CC_Urb_21,"Combined Cooperative Trial at Urbana, IL [2021]",p-rep,,,,,,2020-September-30,,26,"Urbana, IL",282724,MI18W1044,,plot,283438,CC_Urb_21-537,2,5,537,17,9,test,,,,,,137,34.00001836
2021,326,University of Illinois,Wheat breeding program at the University of Illinois,1273,CC_Urb_21,"Combined Cooperative Trial at Urbana, IL [2021]",p-rep,,,,,,2020-September-30,,26,"Urbana, IL",283366,P2137,,plot,283515,CC_Urb_21-538,2,5,538,18,9,test,,,,,,138,48.00002592
2021,326,University of Illinois,Wheat breeding program at the University of Illinois,1273,CC_Urb_21,"Combined Cooperative Trial at Urbana, IL [2021]",p-rep,,,,,,2020-September-30,,26,"Urbana, IL",282725,P2105,,plot,283418,CC_Urb_21-539,2,5,539,19,9,test,,,,,,141,36.00001944
2021,326,University of Illinois,Wheat breeding program at the University of Illinois,1273,CC_Urb_21,"Combined Cooperative Trial at Urbana, IL [2021]",p-rep,,,,,,2020-September-30,,26,"Urbana, IL",84968,IL07-19334,IL07-19334,plot,283594,CC_Urb_21-540,2,5,540,20,9,test,,,,,,137,38.00002052
2021,326,University of Illinois,Wheat breeding program at the University of Illinois,1273,CC_Urb_21,"Combined Cooperative Trial at Urbana, IL [2021]",p-rep,,,,,,2020-September-30,,26,"Urbana, IL",240787,OH16-168-48,,plot,283574,CC_Urb_21-541,2,5,541,20,10,test,,,,,,133,32.00001728
2021,326,University of Illinois,Wheat breeding program at the University of Illinois,1273,CC_Urb_21,"Combined Cooperative Trial at Urbana, IL [2021]",p-rep,,,,,,2020-September-30,,26,"Urbana, IL",100989,US16-IL-061-132,,plot,283587,CC_Urb_21-542,2,5,542,19,10,test,,,,,,132,34.00001836
2021,326,University of Illinois,Wheat breeding program at the University of Illinois,1273,CC_Urb_21,"Combined Cooperative Trial at Urbana, IL [2021]",p-rep,,,,,,2020-September-30,,26,"Urbana, IL",281183,AR11051-15-3,,plot,283461,CC_Urb_21-543,2,5,543,18,10,test,,,,,,139,38.00002052
2021,326,University of Illinois,Wheat breeding program at the University of Illinois,1273,CC_Urb_21,"Combined Cooperative Trial at Urbana, IL [2021]",p-rep,,,,,,2020-September-30,,26,"Urbana, IL",283360,P2131,,plot,283456,CC_Urb_21-544,2,5,544,17,10,test,,,,,,138,32.00001728
2021,326,University of Illinois,Wheat breeding program at the University of Illinois,1273,CC_Urb_21,"Combined Cooperative Trial at Urbana, IL [2021]",p-rep,,,,,,2020-September-30,,26,"Urbana, IL",84789,Kaskaskia,,plot,283569,CC_Urb_21-545,2,5,545,16,10,check,,,,,,137,40.0000216
2021,326,University of Illinois,Wheat breeding program at the University of Illinois,1273,CC_Urb_21,"Combined Cooperative Trial at Urbana, IL [2021]",p-rep,,,,,,2020-September-30,,26,"Urbana, IL",283349,P2120,,plot,283501,CC_Urb_21-546,2,5,546,15,10,test,,,,,,139,34.00001836
2021,326,University of Illinois,Wheat breeding program at the University of Illinois,1273,CC_Urb_21,"Combined Cooperative Trial at Urbana, IL [2021]",p-rep,,,,,,2020-September-30,,26,"Urbana, IL",281185,ARDH14002-22-0260N,,plot,283451,CC_Urb_21-547,2,5,547,14,10,test,,,,,,137,32.00001728
2021,326,University of Illinois,Wheat breeding program at the University of Illinois,1273,CC_Urb_21,"Combined Cooperative Trial at Urbana, IL [2021]",p-rep,,,,,,2020-September-30,,26,"Urbana, IL",96756,IL16-23972,IL16-23972,plot,283618,CC_Urb_21-548,2,5,548,13,10,test,,,,,,134,30.0000162
2021,326,University of Illinois,Wheat breeding program at the University of Illinois,1273,CC_Urb_21,"Combined Cooperative Trial at Urbana, IL [2021]",p-rep,,,,,,2020-September-30,,26,"Urbana, IL",282730,X12-3035-50-3-3,,plot,283435,CC_Urb_21-549,2,5,549,12,10,test,,,,,,137,32.00001728
2021,326,University of Illinois,Wheat breeding program at the University of Illinois,1273,CC_Urb_21,"Combined Cooperative Trial at Urbana, IL [2021]",p-rep,,,,,,2020-September-30,,26,"Urbana, IL",282721,MI18W0144,,plot,283543,CC_Urb_21-550,2,5,550,11,10,test,,,,,,135,34.00001836
2021,326,University of Illinois,Wheat breeding program at the University of Illinois,1273,CC_Urb_21,"Combined Cooperative Trial at Urbana, IL [2021]",p-rep,,,,,,2020-September-30,,26,"Urbana, IL",281180,20-UMD-133,,plot,283524,CC_Urb_21-601,2,6,601,11,11,test,,,,,,136,30.0000162
2021,326,University of Illinois,Wheat breeding program at the University of Illinois,1273,CC_Urb_21,"Combined Cooperative Trial at Urbana, IL [2021]",p-rep,,,,,,2020-September-30,,26,"Urbana, IL",100842,US16-IL-061-029,,plot,283400,CC_Urb_21-602,2,6,602,12,11,test,,,,,,133,36.00001944
2021,326,University of Illinois,Wheat breeding program at the University of Illinois,1273,CC_Urb_21,"Combined Cooperative Trial at Urbana, IL [2021]",p-rep,,,,,,2020-September-30,,26,"Urbana, IL",282722,MI18W0200,,plot,283395,CC_Urb_21-603,2,6,603,13,11,test,,,,,,132,28.00001512
2021,326,University of Illinois,Wheat breeding program at the University of Illinois,1273,CC_Urb_21,"Combined Cooperative Trial at Urbana, IL [2021]",p-rep,,,,,,2020-September-30,,26,"Urbana, IL",283359,P2130,,plot,283614,CC_Urb_21-604,2,6,604,14,11,test,,,,,,136,26.00001404
2021,326,University of Illinois,Wheat breeding program at the University of Illinois,1273,CC_Urb_21,"Combined Cooperative Trial at Urbana, IL [2021]",p-rep,,,,,,2020-September-30,,26,"Urbana, IL",282724,MI18W1044,,plot,283590,CC_Urb_21-605,2,6,605,15,11,test,,,,,,137,30.0000162
2021,326,University of Illinois,Wheat breeding program at the University of Illinois,1273,CC_Urb_21,"Combined Cooperative Trial at Urbana, IL [2021]",p-rep,,,,,,2020-September-30,,26,"Urbana, IL",283363,P2134,,plot,283663,CC_Urb_21-606,2,6,606,16,11,test,,,,,,137,36.00001944
2021,326,University of Illinois,Wheat breeding program at the University of Illinois,1273,CC_Urb_21,"Combined Cooperative Trial at Urbana, IL [2021]",p-rep,,,,,,2020-September-30,,26,"Urbana, IL",282723,MI18W0286,,plot,283380,CC_Urb_21-607,2,6,607,17,11,test,,,,,,137,32.00001728
2021,326,University of Illinois,Wheat breeding program at the University of Illinois,1273,CC_Urb_21,"Combined Cooperative Trial at Urbana, IL [2021]",p-rep,,,,,,2020-September-30,,26,"Urbana, IL",282818,MI18R0236,,plot,283448,CC_Urb_21-608,2,6,608,18,11,test,,,,,,134,32.00001728
2021,326,University of Illinois,Wheat breeding program at the University of Illinois,1273,CC_Urb_21,"Combined Cooperative Trial at Urbana, IL [2021]",p-rep,,,,,,2020-September-30,,26,"Urbana, IL",281187,LES19-0387,,plot,283635,CC_Urb_21-609,2,6,609,19,11,test,,,,,,140,32.00001728
2021,326,University of Illinois,Wheat breeding program at the University of Illinois,1273,CC_Urb_21,"Combined Cooperative Trial at Urbana, IL [2021]",p-rep,,,,,,2020-September-30,,26,"Urbana, IL",100222,OH15-191-52,,plot,283542,CC_Urb_21-610,2,6,610,20,11,test,,,,,,137,32.00001728
2021,326,University of Illinois,Wheat breeding program at the University of Illinois,1273,CC_Urb_21,"Combined Cooperative Trial at Urbana, IL [2021]",p-rep,,,,,,2020-September-30,,26,"Urbana, IL",96756,IL16-23972,IL16-23972,plot,283495,CC_Urb_21-611,2,6,611,20,12,test,,,,,,134,30.0000162
2021,326,University of Illinois,Wheat breeding program at the University of Illinois,1273,CC_Urb_21,"Combined Cooperative Trial at Urbana, IL [2021]",p-rep,,,,,,2020-September-30,,26,"Urbana, IL",282821,MI18R1687,,plot,283408,CC_Urb_21-612,2,6,612,19,12,test,,,,,,137,30.0000162
2021,326,University of Illinois,Wheat breeding program at the University of Illinois,1273,CC_Urb_21,"Combined Cooperative Trial at Urbana, IL [2021]",p-rep,,,,,,2020-September-30,,26,"Urbana, IL",98931,KY07C-1145-94-12-5,,plot,283407,CC_Urb_21-613,2,6,613,18,12,test,,,,,,137,34.00001836
2021,326,University of Illinois,Wheat breeding program at the University of Illinois,1273,CC_Urb_21,"Combined Cooperative Trial at Urbana, IL [2021]",p-rep,,,,,,2020-September-30,,26,"Urbana, IL",280818,KWS341,,plot,283551,CC_Urb_21-614,2,6,614,17,12,test,,,,,,138,34.00001836
2021,326,University of Illinois,Wheat breeding program at the University of Illinois,1273,CC_Urb_21,"Combined Cooperative Trial at Urbana, IL [2021]",p-rep,,,,,,2020-September-30,,26,"Urbana, IL",283350,P2121,,plot,283473,CC_Urb_21-615,2,6,615,16,12,test,,,,,,136,36.00001944
2021,326,University of Illinois,Wheat breeding program at the University of Illinois,1273,CC_Urb_21,"Combined Cooperative Trial at Urbana, IL [2021]",p-rep,,,,,,2020-September-30,,26,"Urbana, IL",93422,05247A1-7-3-98,,plot,283469,CC_Urb_21-616,2,6,616,15,12,test,,,,,,135,34.00001836
2021,326,University of Illinois,Wheat breeding program at the University of Illinois,1273,CC_Urb_21,"Combined Cooperative Trial at Urbana, IL [2021]",p-rep,,,,,,2020-September-30,,26,"Urbana, IL",96920,IL16-36752,,plot,283553,CC_Urb_21-617,2,6,617,14,12,test,,,,,,135,30.0000162
2021,326,University of Illinois,Wheat breeding program at the University of Illinois,1273,CC_Urb_21,"Combined Cooperative Trial at Urbana, IL [2021]",p-rep,,,,,,2020-September-30,,26,"Urbana, IL",96756,IL16-23972,IL16-23972,plot,283508,CC_Urb_21-618,2,6,618,13,12,test,,,,,,134,30.0000162
2021,326,University of Illinois,Wheat breeding program at the University of Illinois,1273,CC_Urb_21,"Combined Cooperative Trial at Urbana, IL [2021]",p-rep,,,,,,2020-September-30,,26,"Urbana, IL",280854,OH17-124-70,,plot,283479,CC_Urb_21-619,2,6,619,12,12,test,,,,,,137,36.00001944
2021,326,University of Illinois,Wheat breeding program at the University of Illinois,1273,CC_Urb_21,"Combined Cooperative Trial at Urbana, IL [2021]",p-rep,,,,,,2020-September-30,,26,"Urbana, IL",283357,P2128,,plot,283489,CC_Urb_21-620,2,6,620,11,12,test,,,,,,138,30.0000162
2021,326,University of Illinois,Wheat breeding program at the University of Illinois,1273,CC_Urb_21,"Combined Cooperative Trial at Urbana, IL [2021]",p-rep,,,,,,2020-September-30,,26,"Urbana, IL",281179,10523RA1-21-42,,plot,283497,CC_Urb_21-621,2,6,621,11,13,test,,,,,,135,32.00001728
2021,326,University of Illinois,Wheat breeding program at the University of Illinois,1273,CC_Urb_21,"Combined Cooperative Trial at Urbana, IL [2021]",p-rep,,,,,,2020-September-30,,26,"Urbana, IL",94122,0762A1-2-8,,plot,283463,CC_Urb_21-622,2,6,622,12,13,test,,,,,,136,32.00001728
2021,326,University of Illinois,Wheat breeding program at the University of Illinois,1273,CC_Urb_21,"Combined Cooperative Trial at Urbana, IL [2021]",p-rep,,,,,,2020-September-30,,26,"Urbana, IL",281182,20-UMD-20,,plot,283487,CC_Urb_21-623,2,6,623,13,13,test,,,,,,136,30.0000162
2021,326,University of Illinois,Wheat breeding program at the University of Illinois,1273,CC_Urb_21,"Combined Cooperative Trial at Urbana, IL [2021]",p-rep,,,,,,2020-September-30,,26,"Urbana, IL",84968,IL07-19334,IL07-19334,plot,283646,CC_Urb_21-624,2,6,624,14,13,test,,,,,,137,36.00001944
2021,326,University of Illinois,Wheat breeding program at the University of Illinois,1273,CC_Urb_21,"Combined Cooperative Trial at Urbana, IL [2021]",p-rep,,,,,,2020-September-30,,26,"Urbana, IL",281192,TWR 09009,,plot,283583,CC_Urb_21-625,2,6,625,15,13,test,,,,,,136,38.00002052
2021,326,University of Illinois,Wheat breeding program at the University of Illinois,1273,CC_Urb_21,"Combined Cooperative Trial at Urbana, IL [2021]",p-rep,,,,,,2020-September-30,,26,"Urbana, IL",280817,KWS340,,plot,283430,CC_Urb_21-626,2,6,626,16,13,test,,,,,,138,36.00001944
2021,326,University of Illinois,Wheat breeding program at the University of Illinois,1273,CC_Urb_21,"Combined Cooperative Trial at Urbana, IL [2021]",p-rep,,,,,,2020-September-30,,26,"Urbana, IL",283370,P2141,,plot,283467,CC_Urb_21-627,2,6,627,17,13,test,,,,,,138,40.0000216
2021,326,University of Illinois,Wheat breeding program at the University of Illinois,1273,CC_Urb_21,"Combined Cooperative Trial at Urbana, IL [2021]",p-rep,,,,,,2020-September-30,,26,"Urbana, IL",283351,P2122,,plot,283575,CC_Urb_21-628,2,6,628,18,13,test,,,,,,133,32.00001728
2021,326,University of Illinois,Wheat breeding program at the University of Illinois,1273,CC_Urb_21,"Combined Cooperative Trial at Urbana, IL [2021]",p-rep,,,,,,2020-September-30,,26,"Urbana, IL",96752,IL16-23941,IL16-23941,plot,283422,CC_Urb_21-629,2,6,629,19,13,test,,,,,,132,34.00001836
2021,326,University of Illinois,Wheat breeding program at the University of Illinois,1273,CC_Urb_21,"Combined Cooperative Trial at Urbana, IL [2021]",p-rep,,,,,,2020-September-30,,26,"Urbana, IL",85074,Pio 25R46,Pioneer Brand 25R46,plot,283584,CC_Urb_21-630,2,6,630,20,13,test,,,,,,136,36.00001944
2021,326,University of Illinois,Wheat breeding program at the University of Illinois,1273,CC_Urb_21,"Combined Cooperative Trial at Urbana, IL [2021]",p-rep,,,,,,2020-September-30,,26,"Urbana, IL",281193,TWR 09014,,plot,283642,CC_Urb_21-631,2,6,631,20,14,test,,,,,,135,36.00001944
2021,326,University of Illinois,Wheat breeding program at the University of Illinois,1273,CC_Urb_21,"Combined Cooperative Trial at Urbana, IL [2021]",p-rep,,,,,,2020-September-30,,26,"Urbana, IL",99368,MI16R0898,,plot,283557,CC_Urb_21-632,2,6,632,19,14,test,,,,,,137,34.00001836
2021,326,University of Illinois,Wheat breeding program at the University of Illinois,1273,CC_Urb_21,"Combined Cooperative Trial at Urbana, IL [2021]",p-rep,,,,,,2020-September-30,,26,"Urbana, IL",282729,X12-3014-46-8-5,,plot,283457,CC_Urb_21-633,2,6,633,18,14,test,,,,,,137,34.00001836
2021,326,University of Illinois,Wheat breeding program at the University of Illinois,1273,CC_Urb_21,"Combined Cooperative Trial at Urbana, IL [2021]",p-rep,,,,,,2020-September-30,,26,"Urbana, IL",283367,P2138,,plot,283595,CC_Urb_21-634,2,6,634,17,14,test,,,,,,139,38.00002052
2021,326,University of Illinois,Wheat breeding program at the University of Illinois,1273,CC_Urb_21,"Combined Cooperative Trial at Urbana, IL [2021]",p-rep,,,,,,2020-September-30,,26,"Urbana, IL",281183,AR11051-15-3,,plot,283564,CC_Urb_21-635,2,6,635,16,14,test,,,,,,138,40.0000216
2021,326,University of Illinois,Wheat breeding program at the University of Illinois,1273,CC_Urb_21,"Combined Cooperative Trial at Urbana, IL [2021]",p-rep,,,,,,2020-September-30,,26,"Urbana, IL",281186,ARS16W0574,,plot,283449,CC_Urb_21-636,2,6,636,15,14,test,,,,,,135,42.00002268
2021,326,University of Illinois,Wheat breeding program at the University of Illinois,1273,CC_Urb_21,"Combined Cooperative Trial at Urbana, IL [2021]",p-rep,,,,,,2020-September-30,,26,"Urbana, IL",84655,IL15-4957,IL15-4957,plot,283579,CC_Urb_21-637,2,6,637,14,14,test,,,,,,133,32.00001728
2021,326,University of Illinois,Wheat breeding program at the University of Illinois,1273,CC_Urb_21,"Combined Cooperative Trial at Urbana, IL [2021]",p-rep,,,,,,2020-September-30,,26,"Urbana, IL",283344,P2114,,plot,283629,CC_Urb_21-638,2,6,638,13,14,test,,,,,,135,26.00001404
2021,326,University of Illinois,Wheat breeding program at the University of Illinois,1273,CC_Urb_21,"Combined Cooperative Trial at Urbana, IL [2021]",p-rep,,,,,,2020-September-30,,26,"Urbana, IL",280803,05251A1-1-136-9-9,,plot,283545,CC_Urb_21-639,2,6,639,12,14,test,,,,,,140,26.00001404
2021,326,University of Illinois,Wheat breeding program at the University of Illinois,1273,CC_Urb_21,"Combined Cooperative Trial at Urbana, IL [2021]",p-rep,,,,,,2020-September-30,,26,"Urbana, IL",281857,20PU-0007,,plot,283604,CC_Urb_21-640,2,6,640,11,14,test,,,,,,136,30.0000162
2021,326,University of Illinois,Wheat breeding program at the University of Illinois,1273,CC_Urb_21,"Combined Cooperative Trial at Urbana, IL [2021]",p-rep,,,,,,2020-September-30,,26,"Urbana, IL",282728,P2117,,plot,283647,CC_Urb_21-641,2,6,641,11,15,test,,,,,,134,32.00001728
2021,326,University of Illinois,Wheat breeding program at the University of Illinois,1273,CC_Urb_21,"Combined Cooperative Trial at Urbana, IL [2021]",p-rep,,,,,,2020-September-30,,26,"Urbana, IL",283369,P2140,,plot,283492,CC_Urb_21-642,2,6,642,12,15,test,,,,,,139,30.0000162
2021,326,University of Illinois,Wheat breeding program at the University of Illinois,1273,CC_Urb_21,"Combined Cooperative Trial at Urbana, IL [2021]",p-rep,,,,,,2020-September-30,,26,"Urbana, IL",281190,MI18R1605,,plot,283539,CC_Urb_21-643,2,6,643,13,15,test,,,,,,134,28.00001512
2021,326,University of Illinois,Wheat breeding program at the University of Illinois,1273,CC_Urb_21,"Combined Cooperative Trial at Urbana, IL [2021]",p-rep,,,,,,2020-September-30,,26,"Urbana, IL",280855,OH17-171-57,,plot,283477,CC_Urb_21-644,2,6,644,14,15,test,,,,,,134,38.00002052
2021,326,University of Illinois,Wheat breeding program at the University of Illinois,1273,CC_Urb_21,"Combined Cooperative Trial at Urbana, IL [2021]",p-rep,,,,,,2020-September-30,,26,"Urbana, IL",283365,P2136,,plot,283606,CC_Urb_21-645,2,6,645,15,15,test,,,,,,138,36.00001944
2021,326,University of Illinois,Wheat breeding program at the University of Illinois,1273,CC_Urb_21,"Combined Cooperative Trial at Urbana, IL [2021]",p-rep,,,,,,2020-September-30,,26,"Urbana, IL",282819,MI18R1322,,plot,283538,CC_Urb_21-646,2,6,646,16,15,test,,,,,,134,34.00001836
2021,326,University of Illinois,Wheat breeding program at the University of Illinois,1273,CC_Urb_21,"Combined Cooperative Trial at Urbana, IL [2021]",p-rep,,,,,,2020-September-30,,26,"Urbana, IL",85178,Hilliard,,plot,283466,CC_Urb_21-647,2,6,647,17,15,test,,,,,,136,38.00002052
2021,326,University of Illinois,Wheat breeding program at the University of Illinois,1273,CC_Urb_21,"Combined Cooperative Trial at Urbana, IL [2021]",p-rep,,,,,,2020-September-30,,26,"Urbana, IL",280853,OH16-184-77,,plot,283612,CC_Urb_21-648,2,6,648,18,15,test,,,,,,137,32.00001728
2021,326,University of Illinois,Wheat breeding program at the University of Illinois,1273,CC_Urb_21,"Combined Cooperative Trial at Urbana, IL [2021]",p-rep,,,,,,2020-September-30,,26,"Urbana, IL",280864,X12-3024-47-4-1,,plot,283609,CC_Urb_21-649,2,6,649,19,15,test,,,,,,137,34.00001836
2021,326,University of Illinois,Wheat breeding program at the University of Illinois,1273,CC_Urb_21,"Combined Cooperative Trial at Urbana, IL [2021]",p-rep,,,,,,2020-September-30,,26,"Urbana, IL",280823,KWS361,,plot,283541,CC_Urb_21-650,2,6,650,20,15,test,,,,,,137,38.00002052